date,signal,prob_up,actual_return,strategy_return,daily_pnl,equity,prediction,actual,correct
2020-01-02,SHORT,0.2857,-0.00916,0.009135,456.75,50456.75,0,0,1
2020-01-03,CASH,0.4286,0.006443,0.0,0.0,50456.75,0,1,0
2020-01-06,CASH,0.5714,-0.000139,0.0,0.0,50456.75,1,0,0
2020-01-07,LONG,0.8571,0.007516,0.007491,377.99,50834.73,1,1,1
2020-01-08,LONG,0.7143,0.008473,0.008448,429.48,51264.21,1,1,1
2020-01-09,CASH,0.5714,-0.002557,0.0,0.0,51264.21,1,0,0
2020-01-10,LONG,0.8571,0.011537,0.011512,590.15,51854.36,1,1,1
2020-01-13,CASH,0.5714,-0.003938,0.0,0.0,51854.36,1,0,0
2020-01-14,LONG,0.7143,0.000409,0.000384,19.91,51874.27,1,1,1
2020-01-15,LONG,0.8571,0.009584,0.009559,495.84,52370.11,1,1,1
2020-01-16,CASH,0.4286,0.004949,0.0,0.0,52370.11,0,1,0
2020-01-17,CASH,0.4286,-0.000448,0.0,0.0,52370.11,0,0,1
2020-01-21,LONG,0.7143,0.002642,0.002617,137.07,52507.18,1,1,1
2020-01-22,LONG,0.8571,0.003216,0.003191,167.56,52674.74,1,1,1
2020-01-23,CASH,0.4286,-0.008415,0.0,0.0,52674.74,0,0,1
2020-01-24,LONG,0.8571,-0.020656,-0.020681,-1089.34,51585.4,1,0,0
2020-01-27,SHORT,0.1429,0.01536,-0.015385,-793.64,50791.76,0,1,0
2020-01-28,CASH,0.5714,0.001626,0.0,0.0,50791.76,1,1,1
2020-01-29,LONG,0.7143,0.003562,0.003537,179.63,50971.39,1,1,1
2020-01-30,CASH,0.5714,-0.015858,0.0,0.0,50971.39,1,0,0
2020-01-31,CASH,0.4286,0.015109,0.0,0.0,50971.39,0,1,0
2020-02-03,CASH,0.4286,0.022889,0.0,0.0,50971.39,0,1,0
2020-02-04,LONG,0.8571,0.003297,0.003272,166.79,51138.18,1,1,1
2020-02-05,CASH,0.5714,0.008632,0.0,0.0,51138.18,1,1,1
2020-02-06,CASH,0.4286,-0.004301,0.0,0.0,51138.18,0,0,1
2020-02-07,CASH,0.5714,0.012086,0.0,0.0,51138.18,1,1,1
2020-02-10,CASH,0.5714,0.000172,0.0,0.0,51138.18,1,1,1
2020-02-11,LONG,0.8571,0.009741,0.009716,496.86,51635.04,1,1,1
2020-02-12,CASH,0.5714,-0.001281,0.0,0.0,51635.04,1,0,0
2020-02-13,CASH,0.5714,0.002864,0.0,0.0,51635.04,1,1,1
2020-02-14,SHORT,0.1429,0.000384,-0.000409,-21.1,51613.94,0,1,0
2020-02-18,LONG,0.8571,0.009585,0.00956,493.45,52107.4,1,1,1
2020-02-19,CASH,0.4286,-0.009283,0.0,0.0,52107.4,0,0,1
2020-02-20,LONG,0.7143,-0.019209,-0.019234,-1002.26,51105.14,1,0,0
2020-02-21,CASH,0.4286,-0.038563,0.0,0.0,51105.14,0,0,1
2020-02-24,CASH,0.5714,-0.027192,0.0,0.0,51105.14,1,0,0
2020-02-25,LONG,0.7143,0.005154,0.005129,262.11,51367.25,1,1,1
2020-02-26,LONG,0.7143,-0.050074,-0.050099,-2573.44,48793.81,1,0,0
2020-02-27,LONG,0.7143,0.000778,0.000753,36.75,48830.56,1,1,1
2020-02-28,LONG,0.7143,0.051603,0.051578,2518.61,51349.16,1,1,1
2020-03-02,CASH,0.4286,-0.032067,0.0,0.0,51349.16,0,0,1
2020-03-03,CASH,0.5714,0.041722,0.0,0.0,51349.16,1,1,1
2020-03-04,CASH,0.4286,-0.030382,0.0,0.0,51349.16,0,0,1
2020-03-05,LONG,0.7143,-0.016872,-0.016897,-867.66,50481.5,1,0,0
2020-03-06,CASH,0.4286,-0.069464,0.0,0.0,50481.5,0,0,1
2020-03-09,LONG,0.7143,0.054451,0.054426,2747.48,53228.99,1,1,1
2020-03-10,CASH,0.4286,-0.043555,0.0,0.0,53228.99,0,0,1
2020-03-11,LONG,0.7143,-0.091691,-0.091716,-4881.97,48347.02,1,0,0
2020-03-12,LONG,0.7143,0.084706,0.084681,4094.05,52441.07,1,1,1
2020-03-13,CASH,0.4286,-0.119788,0.0,0.0,52441.07,0,0,1
2020-03-16,LONG,0.7143,0.075842,0.075817,3975.91,56416.98,1,1,1
2020-03-17,CASH,0.5714,-0.030416,0.0,0.0,56416.98,1,0,0
2020-03-18,CASH,0.5714,0.006002,0.0,0.0,56416.98,1,1,1
2020-03-19,SHORT,0.2857,-0.039176,0.039151,2208.78,58625.76,0,0,1
2020-03-20,LONG,0.8571,-0.001406,-0.001431,-83.89,58541.87,1,0,0
2020-03-23,CASH,0.5714,0.077438,0.0,0.0,58541.87,1,1,1
2020-03-24,CASH,0.4286,-0.007405,0.0,0.0,58541.87,0,0,1
2020-03-25,CASH,0.5714,0.05266,0.0,0.0,58541.87,1,1,1
2020-03-26,CASH,0.4286,-0.034393,0.0,0.0,58541.87,0,0,1
2020-03-27,CASH,0.5714,0.036373,0.0,0.0,58541.87,1,1,1
2020-03-30,SHORT,0.1429,-0.00854,0.008515,498.48,59040.35,0,0,1
2020-03-31,CASH,0.4286,-0.042489,0.0,0.0,59040.35,0,0,1
2020-04-01,CASH,0.5714,0.020295,0.0,0.0,59040.35,1,1,1
2020-04-02,CASH,0.5714,-0.014193,0.0,0.0,59040.35,1,0,0
2020-04-03,CASH,0.5714,0.071495,0.0,0.0,59040.35,1,1,1
2020-04-06,CASH,0.4286,-0.000407,0.0,0.0,59040.35,0,0,1
2020-04-07,CASH,0.4286,0.021232,0.0,0.0,59040.35,0,1,0
2020-04-08,SHORT,0.2857,0.001446,-0.001471,-86.84,58953.51,0,1,0
2020-04-09,CASH,0.5714,0.010804,0.0,0.0,58953.51,1,1,1
2020-04-13,CASH,0.4286,0.043491,0.0,0.0,58953.51,0,1,0
2020-04-14,CASH,0.4286,-0.01147,0.0,0.0,58953.51,0,0,1
2020-04-15,LONG,0.7143,0.01824,0.018215,1073.84,60027.35,1,1,1
2020-04-16,CASH,0.5714,0.009566,0.0,0.0,60027.35,1,1,1
2020-04-17,LONG,0.7143,-0.011844,-0.011869,-712.49,59314.86,1,0,0
2020-04-20,CASH,0.4286,-0.0369,0.0,0.0,59314.86,0,0,1
2020-04-21,LONG,0.7143,0.029674,0.029649,1758.65,61073.51,1,1,1
2020-04-22,LONG,0.7143,-0.002133,-0.002158,-131.8,60941.71,1,0,0
2020-04-23,CASH,0.5714,0.01577,0.0,0.0,60941.71,1,1,1
2020-04-24,CASH,0.5714,0.008043,0.0,0.0,60941.71,1,1,1
2020-04-27,CASH,0.5714,-0.018835,0.0,0.0,60941.71,1,0,0
2020-04-28,CASH,0.4286,0.035461,0.0,0.0,60941.71,0,1,0
2020-04-29,CASH,0.4286,-0.000411,0.0,0.0,60941.71,0,0,1
2020-04-30,CASH,0.5714,-0.028185,0.0,0.0,60941.71,1,0,0
2020-05-01,SHORT,0.2857,0.011657,-0.011682,-711.95,60229.77,0,1,0
2020-05-04,LONG,0.7143,0.011337,0.011312,681.33,60911.1,1,1,1
2020-05-05,CASH,0.4286,0.006156,0.0,0.0,60911.1,0,1,0
2020-05-06,CASH,0.4286,0.012877,0.0,0.0,60911.1,0,1,0
2020-05-07,CASH,0.5714,0.013705,0.0,0.0,60911.1,1,1,1
2020-05-08,CASH,0.5714,0.008939,0.0,0.0,60911.1,1,1,1
2020-05-11,SHORT,0.1429,-0.020937,0.020912,1273.78,62184.88,0,0,1
2020-05-12,CASH,0.4286,-0.012516,0.0,0.0,62184.88,0,0,1
2020-05-13,SHORT,0.2857,0.011352,-0.011377,-707.49,61477.39,0,1,0
2020-05-14,CASH,0.5714,0.006491,0.0,0.0,61477.39,1,1,1
2020-05-15,LONG,0.7143,0.018632,0.018607,1143.92,62621.3,1,1,1
2020-05-18,CASH,0.5714,-0.002506,0.0,0.0,62621.3,1,0,0
2020-05-19,CASH,0.5714,0.019968,0.0,0.0,62621.3,1,1,1
2020-05-20,CASH,0.4286,-0.010891,0.0,0.0,62621.3,0,0,1
2020-05-21,LONG,0.7143,0.003452,0.003427,214.59,62835.89,1,1,1
2020-05-22,LONG,0.7143,-0.0027,-0.002725,-171.21,62664.68,1,0,0
2020-05-26,CASH,0.5714,0.005458,0.0,0.0,62664.68,1,1,1
2020-05-27,CASH,0.4286,-0.001303,0.0,0.0,62664.68,0,0,1
2020-05-28,CASH,0.5714,0.014653,0.0,0.0,62664.68,1,1,1
2020-05-29,LONG,0.7143,0.003,0.002975,186.41,62851.09,1,1,1
2020-06-01,CASH,0.5714,0.006708,0.0,0.0,62851.09,1,1,1
2020-06-02,CASH,0.4286,0.004499,0.0,0.0,62851.09,0,1,0
2020-06-03,CASH,0.5714,-0.007013,0.0,0.0,62851.09,1,0,0
2020-06-04,CASH,0.4286,0.019827,0.0,0.0,62851.09,0,1,0
2020-06-05,LONG,0.7143,0.00776,0.007735,486.15,63337.24,1,1,1
2020-06-08,CASH,0.4286,0.007245,0.0,0.0,63337.24,0,1,0
2020-06-09,CASH,0.5714,0.012002,0.0,0.0,63337.24,1,1,1
2020-06-10,CASH,0.5714,-0.049549,0.0,0.0,63337.24,1,0,0
2020-06-11,LONG,0.7143,0.007948,0.007923,501.82,63839.07,1,1,1
2020-06-12,LONG,0.7143,0.012167,0.012142,775.15,64614.21,1,1,1
2020-06-15,LONG,0.7143,0.017173,0.017148,1107.99,65722.21,1,1,1
2020-06-16,CASH,0.5714,0.003171,0.0,0.0,65722.21,1,1,1
2020-06-17,CASH,0.5714,0.002709,0.0,0.0,65722.21,1,1,1
2020-06-18,CASH,0.5714,-0.000164,0.0,0.0,65722.21,1,0,0
2020-06-19,CASH,0.5714,0.010236,0.0,0.0,65722.21,1,1,1
2020-06-22,LONG,0.8571,0.008511,0.008486,557.72,66279.92,1,1,1
2020-06-23,CASH,0.4286,-0.020616,0.0,0.0,66279.92,0,0,1
2020-06-24,SHORT,0.1429,0.009519,-0.009544,-632.61,65647.31,0,1,0
2020-06-25,CASH,0.5714,-0.023615,0.0,0.0,65647.31,1,0,0
2020-06-26,LONG,0.7143,0.010907,0.010882,714.35,66361.66,1,1,1
2020-06-29,LONG,0.8571,0.019601,0.019576,1299.12,67660.79,1,1,1
2020-06-30,LONG,0.7143,0.011672,0.011647,788.05,68448.84,1,1,1
2020-07-01,CASH,0.5714,0.006787,0.0,0.0,68448.84,1,1,1
2020-07-02,CASH,0.4286,0.024585,0.0,0.0,68448.84,0,1,0
2020-07-06,LONG,0.7143,-0.006889,-0.006914,-473.25,67975.59,1,0,0
2020-07-07,LONG,0.7143,0.013172,0.013147,893.66,68869.25,1,1,1
2020-07-08,CASH,0.5714,0.008423,0.0,0.0,68869.25,1,1,1
2020-07-09,CASH,0.5714,0.006827,0.0,0.0,68869.25,1,1,1
2020-07-10,CASH,0.5714,-0.02057,0.0,0.0,68869.25,1,0,0
2020-07-13,SHORT,0.2857,0.007078,-0.007103,-489.19,68380.06,0,1,0
2020-07-14,CASH,0.4286,0.002036,0.0,0.0,68380.06,0,1,0
2020-07-15,SHORT,0.1429,-0.006823,0.006798,464.82,68844.87,0,0,1
2020-07-16,CASH,0.4286,0.001158,0.0,0.0,68844.87,0,1,0
2020-07-17,LONG,0.8571,0.028371,0.028346,1951.47,70796.34,1,1,1
2020-07-20,LONG,1.0,-0.010421,-0.010446,-739.51,70056.84,1,0,0
2020-07-21,CASH,0.4286,0.003523,0.0,0.0,70056.84,0,1,0
2020-07-22,CASH,0.4286,-0.02612,0.0,0.0,70056.84,0,0,1
2020-07-23,CASH,0.5714,-0.009496,0.0,0.0,70056.84,1,0,0
2020-07-24,LONG,0.7143,0.017843,0.017818,1248.28,71305.12,1,1,1
2020-07-27,SHORT,0.2857,-0.012725,0.0127,905.57,72210.69,0,0,1
2020-07-28,LONG,0.7143,0.011526,0.011501,830.49,73041.18,1,1,1
2020-07-29,CASH,0.4286,0.005235,0.0,0.0,73041.18,0,1,0
2020-07-30,CASH,0.5714,0.017846,0.0,0.0,73041.18,1,1,1
2020-07-31,LONG,0.7143,0.013507,0.013482,984.73,74025.91,1,1,1
2020-08-03,LONG,0.7143,0.003712,0.003687,272.95,74298.86,1,1,1
2020-08-04,CASH,0.4286,0.002478,0.0,0.0,74298.86,0,1,0
2020-08-05,SHORT,0.1429,0.013245,-0.01327,-985.94,73312.93,0,1,0
2020-08-06,CASH,0.4286,-0.011542,0.0,0.0,73312.93,0,0,1
2020-08-07,CASH,0.4286,-0.004273,0.0,0.0,73312.93,0,0,1
2020-08-10,CASH,0.5714,-0.018941,0.0,0.0,73312.93,1,0,0
2020-08-11,CASH,0.4286,0.025152,0.0,0.0,73312.93,0,1,0
2020-08-12,SHORT,0.2857,0.002281,-0.002306,-169.04,73143.89,0,1,0
2020-08-13,CASH,0.5714,-0.001174,0.0,0.0,73143.89,1,0,0
2020-08-14,LONG,0.7143,0.011611,0.011586,847.43,73991.32,1,1,1
2020-08-17,LONG,0.8571,0.009625,0.0096,710.33,74701.65,1,1,1
2020-08-18,SHORT,0.2857,-0.006727,0.006702,500.67,75202.33,0,0,1
2020-08-19,CASH,0.4286,0.013872,0.0,0.0,75202.33,0,1,0
2020-08-20,LONG,0.8571,0.00693,0.006905,519.3,75721.62,1,1,1
2020-08-21,CASH,0.5714,0.006244,0.0,0.0,75721.62,1,1,1
2020-08-24,CASH,0.4286,0.007862,0.0,0.0,75721.62,0,1,0
2020-08-25,SHORT,0.2857,0.021339,-0.021364,-1617.73,74103.89,0,1,0
2020-08-26,CASH,0.5714,-0.003117,0.0,0.0,74103.89,1,0,0
2020-08-27,SHORT,0.2857,0.005085,-0.00511,-378.68,73725.22,0,1,0
2020-08-28,CASH,0.5714,0.008033,0.0,0.0,73725.22,1,1,1
2020-08-31,CASH,0.5714,0.017092,0.0,0.0,73725.22,1,1,1
2020-09-01,CASH,0.4286,0.009469,0.0,0.0,73725.22,0,1,0
2020-09-02,CASH,0.4286,-0.0507,0.0,0.0,73725.22,0,0,1
2020-09-03,CASH,0.5714,-0.013326,0.0,0.0,73725.22,1,0,0
2020-09-04,SHORT,0.2857,-0.048064,0.048039,3541.68,77266.9,0,0,1
2020-09-08,LONG,0.8571,0.029376,0.029351,2267.84,79534.74,1,1,1
2020-09-09,LONG,0.7143,-0.019937,-0.019962,-1587.65,77947.1,1,0,0
2020-09-10,SHORT,0.1429,-0.00694,0.006915,538.99,78486.08,0,0,1
2020-09-11,CASH,0.5714,0.017415,0.0,0.0,78486.08,1,1,1
2020-09-14,CASH,0.5714,0.014174,0.0,0.0,78486.08,1,1,1
2020-09-15,LONG,0.7143,-0.015946,-0.015971,-1253.54,77232.55,1,0,0
2020-09-16,LONG,0.7143,-0.015622,-0.015647,-1208.46,76024.08,1,0,0
2020-09-17,CASH,0.4286,-0.012763,0.0,0.0,76024.08,0,0,1
2020-09-18,CASH,0.4286,0.002398,0.0,0.0,76024.08,0,1,0
2020-09-21,LONG,1.0,0.018579,0.018554,1410.53,77434.62,1,1,1
2020-09-22,LONG,0.8571,-0.030534,-0.030559,-2366.35,75068.26,1,0,0
2020-09-23,LONG,0.7143,0.004656,0.004631,347.66,75415.93,1,1,1
2020-09-24,CASH,0.5714,0.023249,0.0,0.0,75415.93,1,1,1
2020-09-25,CASH,0.4286,0.020769,0.0,0.0,75415.93,0,1,0
2020-09-28,LONG,0.7143,-0.004509,-0.004534,-341.96,75073.96,1,0,0
2020-09-29,LONG,0.7143,0.006849,0.006824,512.31,75586.27,1,1,1
2020-09-30,CASH,0.5714,0.015872,0.0,0.0,75586.27,1,1,1
2020-10-01,SHORT,0.2857,-0.028131,0.028106,2124.44,77710.7,0,0,1
2020-10-02,CASH,0.5714,0.021326,0.0,0.0,77710.7,1,1,1
2020-10-05,CASH,0.5714,-0.017847,0.0,0.0,77710.7,1,0,0
2020-10-06,CASH,0.5714,0.017299,0.0,0.0,77710.7,1,1,1
2020-10-07,CASH,0.4286,0.005323,0.0,0.0,77710.7,0,1,0
2020-10-08,CASH,0.5714,0.01528,0.0,0.0,77710.7,1,1,1
2020-10-09,CASH,0.5714,0.03087,0.0,0.0,77710.7,1,1,1
2020-10-12,SHORT,0.0,-3.4e-05,9e-06,0.7,77711.4,0,0,1
2020-10-13,CASH,0.5714,-0.008353,0.0,0.0,77711.4,1,0,0
2020-10-14,SHORT,0.2857,-0.006711,0.006686,519.57,78230.97,0,0,1
2020-10-15,LONG,0.7143,-0.005481,-0.005506,-430.73,77800.25,1,0,0
2020-10-16,CASH,0.4286,-0.016325,0.0,0.0,77800.25,0,0,1
2020-10-19,LONG,0.8571,0.002149,0.002124,165.28,77965.53,1,1,1
2020-10-20,CASH,0.4286,-0.000774,0.0,0.0,77965.53,0,0,1
2020-10-21,CASH,0.4286,-3.5e-05,0.0,0.0,77965.53,0,0,1
2020-10-22,CASH,0.4286,0.001971,0.0,0.0,77965.53,0,1,0
2020-10-23,CASH,0.5714,-0.014996,0.0,0.0,77965.53,1,0,0
2020-10-26,CASH,0.5714,0.007808,0.0,0.0,77965.53,1,1,1
2020-10-27,CASH,0.5714,-0.038987,0.0,0.0,77965.53,1,0,0
2020-10-28,LONG,0.7143,0.017486,0.017461,1361.39,79326.91,1,1,1
2020-10-29,LONG,0.7143,-0.025363,-0.025388,-2013.93,77312.98,1,0,0
2020-10-30,LONG,0.7143,0.002227,0.002202,170.27,77483.25,1,1,1
2020-11-02,LONG,0.8571,0.017298,0.017273,1338.33,78821.58,1,1,1
2020-11-03,CASH,0.5714,0.044639,0.0,0.0,78821.58,1,1,1
2020-11-04,CASH,0.4286,0.026071,0.0,0.0,78821.58,0,1,0
2020-11-05,SHORT,0.1429,0.000747,-0.000772,-60.87,78760.72,0,1,0
2020-11-06,SHORT,0.2857,-0.020434,0.020409,1607.41,80368.13,0,0,1
2020-11-09,CASH,0.5714,-0.017915,0.0,0.0,80368.13,1,0,0
2020-11-10,CASH,0.5714,0.02237,0.0,0.0,80368.13,1,1,1
2020-11-11,LONG,0.7143,-0.004694,-0.004719,-379.22,79988.9,1,0,0
2020-11-12,LONG,0.7143,0.008773,0.008748,699.71,80688.61,1,1,1
2020-11-13,LONG,0.8571,0.007803,0.007778,627.57,81316.17,1,1,1
2020-11-16,SHORT,0.2857,-0.003172,0.003147,255.9,81572.07,0,0,1
2020-11-17,SHORT,0.2857,-0.00739,0.007365,600.81,82172.89,0,0,1
2020-11-18,LONG,0.7143,0.007825,0.0078,640.92,82813.81,1,1,1
2020-11-19,CASH,0.4286,-0.00684,0.0,0.0,82813.81,0,0,1
2020-11-20,LONG,0.8571,3.4e-05,9e-06,0.78,82814.59,1,1,1
2020-11-23,LONG,0.7143,0.01405,0.014025,1161.48,83976.07,1,1,1
2020-11-24,CASH,0.5714,0.006147,0.0,0.0,83976.07,1,1,1
2020-11-25,LONG,0.7143,0.009214,0.009189,771.68,84747.75,1,1,1
2020-11-27,CASH,0.4286,0.00204,0.0,0.0,84747.75,0,1,0
2020-11-30,LONG,0.7143,0.012816,0.012791,1084.03,85831.78,1,1,1
2020-12-01,SHORT,0.2857,0.001285,-0.00131,-112.46,85719.32,0,1,0
2020-12-02,CASH,0.5714,0.001415,0.0,0.0,85719.32,1,1,1
2020-12-03,CASH,0.4286,0.004075,0.0,0.0,85719.32,0,1,0
2020-12-04,LONG,0.7143,0.005663,0.005638,483.24,86202.56,1,1,1
2020-12-07,LONG,0.8571,0.003385,0.00336,289.63,86492.2,1,1,1
2020-12-08,CASH,0.5714,-0.022641,0.0,0.0,86492.2,1,0,0
2020-12-09,LONG,0.7143,0.004016,0.003991,345.17,86837.37,1,1,1
2020-12-10,LONG,0.7143,-0.002215,-0.00224,-194.49,86642.88,1,0,0
2020-12-11,LONG,0.8571,0.007255,0.00723,626.45,87269.33,1,1,1
2020-12-14,CASH,0.5714,0.010689,0.0,0.0,87269.33,1,1,1
2020-12-15,LONG,0.7143,0.0055,0.005475,477.77,87747.1,1,1,1
2020-12-16,CASH,0.5714,0.006538,0.0,0.0,87747.1,1,1,1
2020-12-17,LONG,0.8571,-0.003023,-0.003048,-267.41,87479.69,1,0,0
2020-12-18,CASH,0.4286,-0.003677,0.0,0.0,87479.69,0,0,1
2020-12-21,CASH,0.4286,0.002719,0.0,0.0,87479.69,0,1,0
2020-12-22,SHORT,0.2857,-0.005036,0.005011,438.37,87918.07,0,0,1
2020-12-23,CASH,0.5714,0.004413,0.0,0.0,87918.07,1,1,1
2020-12-24,SHORT,0.2857,0.010079,-0.010104,-888.31,87029.76,0,1,0
2020-12-28,LONG,0.7143,0.000895,0.00087,75.76,87105.52,1,1,1
2020-12-29,CASH,0.5714,3.2e-05,0.0,0.0,87105.52,1,1,1
2020-12-30,LONG,0.7143,0.00246,0.002435,212.12,87317.64,1,1,1
2020-12-31,LONG,0.8571,-0.01412,-0.014145,-1235.1,86082.54,1,0,0
2021-01-04,CASH,0.4286,0.008244,0.0,0.0,86082.54,0,1,0
2021-01-05,CASH,0.4286,-0.013852,0.0,0.0,86082.54,0,0,1
2021-01-06,SHORT,0.2857,0.024192,-0.024217,-2084.66,83997.88,0,1,0
2021-01-07,CASH,0.5714,0.012858,0.0,0.0,83997.88,1,1,1
2021-01-08,LONG,0.8571,-0.01445,-0.014475,-1215.87,82782.01,1,0,0
2021-01-11,LONG,0.7143,-0.00159,-0.001615,-133.71,82648.3,1,0,0
2021-01-12,LONG,0.8571,0.006753,0.006728,556.08,83204.38,1,1,1
2021-01-13,CASH,0.5714,-0.005347,0.0,0.0,83204.38,1,0,0
2021-01-14,CASH,0.5714,-0.007921,0.0,0.0,83204.38,1,0,0
2021-01-15,LONG,0.7143,0.01459,0.014565,1211.87,84416.25,1,1,1
2021-01-19,CASH,0.5714,0.023261,0.0,0.0,84416.25,1,1,1
2021-01-20,LONG,0.7143,0.007999,0.007974,673.18,85089.42,1,1,1
2021-01-21,CASH,0.5714,-0.00288,0.0,0.0,85089.42,1,0,0
2021-01-22,CASH,0.4286,0.008266,0.0,0.0,85089.42,0,1,0
2021-01-25,CASH,0.5714,0.001463,0.0,0.0,85089.42,1,1,1
2021-01-26,LONG,0.7143,-0.027877,-0.027902,-2374.14,82715.28,1,0,0
2021-01-27,CASH,0.5714,0.005917,0.0,0.0,82715.28,1,1,1
2021-01-28,LONG,0.8571,-0.021038,-0.021063,-1742.25,80973.03,1,0,0
2021-01-29,LONG,0.8571,0.024987,0.024962,2021.28,82994.31,1,1,1
2021-02-01,LONG,0.8571,0.016314,0.016289,1351.9,84346.21,1,1,1
2021-02-02,CASH,0.5714,-0.003967,0.0,0.0,84346.21,1,0,0
2021-02-03,LONG,0.7143,0.011827,0.011802,995.43,85341.63,1,1,1
2021-02-04,LONG,0.8571,0.003391,0.003366,287.3,85628.93,1,1,1
2021-02-05,CASH,0.5714,0.0067,0.0,0.0,85628.93,1,1,1
2021-02-08,CASH,0.4286,-0.00021,0.0,0.0,85628.93,0,0,1
2021-02-09,CASH,0.4286,-0.002279,0.0,0.0,85628.93,0,0,1
2021-02-10,SHORT,0.2857,0.0055,-0.005525,-473.06,85155.87,0,1,0
2021-02-11,CASH,0.4286,0.005589,0.0,0.0,85155.87,0,1,0
2021-02-12,CASH,0.4286,-0.002705,0.0,0.0,85155.87,0,0,1
2021-02-16,LONG,0.8571,-0.004798,-0.004823,-410.73,84745.14,1,0,0
2021-02-17,CASH,0.4286,-0.004372,0.0,0.0,84745.14,0,0,1
2021-02-18,CASH,0.4286,-0.004361,0.0,0.0,84745.14,0,0,1
2021-02-19,LONG,0.7143,-0.02592,-0.025945,-2198.7,82546.44,1,0,0
2021-02-22,CASH,0.4286,-0.002977,0.0,0.0,82546.44,0,0,1
2021-02-23,CASH,0.5714,0.008243,0.0,0.0,82546.44,1,1,1
2021-02-24,CASH,0.4286,-0.034863,0.0,0.0,82546.44,0,0,1
2021-02-25,LONG,0.7143,0.004188,0.004163,343.61,82890.05,1,1,1
2021-02-26,LONG,0.7143,0.030082,0.030057,2491.43,85381.48,1,1,1
2021-03-01,SHORT,0.2857,-0.016039,0.016014,1367.28,86748.77,0,0,1
2021-03-02,CASH,0.4286,-0.02902,0.0,0.0,86748.77,0,0,1
2021-03-03,LONG,0.7143,-0.016367,-0.016392,-1421.98,85326.79,1,0,0
2021-03-04,LONG,0.8571,0.015061,0.015036,1282.96,86609.74,1,1,1
2021-03-05,LONG,0.7143,-0.028314,-0.028339,-2454.44,84155.3,1,0,0
2021-03-08,CASH,0.5714,0.039441,0.0,0.0,84155.3,1,1,1
2021-03-09,SHORT,0.1429,-0.002855,0.00283,238.13,84393.43,0,0,1
2021-03-10,CASH,0.5714,0.023031,0.0,0.0,84393.43,1,1,1
2021-03-11,CASH,0.4286,-0.008112,0.0,0.0,84393.43,0,0,1
2021-03-12,LONG,0.8571,0.010683,0.010658,899.45,85292.88,1,1,1
2021-03-15,LONG,1.0,0.005489,0.005464,466.02,85758.9,1,1,1
2021-03-16,LONG,0.7143,0.004118,0.004093,350.97,86109.88,1,1,1
2021-03-17,LONG,0.7143,-0.030631,-0.030656,-2639.75,83470.13,1,0,0
2021-03-18,LONG,1.0,0.003525,0.0035,292.16,83762.29,1,1,1
2021-03-19,LONG,0.7143,0.017468,0.017443,1461.08,85223.37,1,1,1
2021-03-22,LONG,0.7143,-0.004363,-0.004388,-373.93,84849.44,1,0,0
2021-03-23,LONG,0.8571,-0.016865,-0.01689,-1433.13,83416.3,1,0,0
2021-03-24,LONG,0.8571,-0.001732,-0.001757,-146.52,83269.78,1,0,0
2021-03-25,LONG,0.7143,0.015,0.014975,1246.98,84516.76,1,1,1
2021-03-26,CASH,0.4286,-0.000285,0.0,0.0,84516.76,0,0,1
2021-03-29,LONG,0.8571,-0.005033,-0.005058,-427.49,84089.27,1,0,0
2021-03-30,CASH,0.5714,0.015303,0.0,0.0,84089.27,1,1,1
2021-03-31,CASH,0.5714,0.017046,0.0,0.0,84089.27,1,1,1
2021-04-01,CASH,0.4286,0.019965,0.0,0.0,84089.27,0,1,0
2021-04-05,SHORT,0.1429,-0.000695,0.00067,56.31,84145.59,0,0,1
2021-04-06,SHORT,0.1429,0.002418,-0.002443,-205.58,83940.0,0,1,0
2021-04-07,CASH,0.4286,0.010434,0.0,0.0,83940.0,0,1,0
2021-04-08,CASH,0.4286,0.006058,0.0,0.0,83940.0,0,1,0
2021-04-09,CASH,0.5714,-0.001305,0.0,0.0,83940.0,1,0,0
2021-04-12,CASH,0.5714,0.011673,0.0,0.0,83940.0,1,1,1
2021-04-13,CASH,0.5714,-0.012008,0.0,0.0,83940.0,1,0,0
2021-04-14,CASH,0.5714,0.015155,0.0,0.0,83940.0,1,1,1
2021-04-15,CASH,0.5714,0.001171,0.0,0.0,83940.0,1,1,1
2021-04-16,LONG,0.7143,-0.009152,-0.009177,-770.3,83169.7,1,0,0
2021-04-19,CASH,0.4286,-0.007289,0.0,0.0,83169.7,0,0,1
2021-04-20,CASH,0.5714,0.008561,0.0,0.0,83169.7,1,1,1
2021-04-21,SHORT,0.2857,-0.012055,0.01203,1000.5,84170.2,0,0,1
2021-04-22,SHORT,0.2857,0.01259,-0.012615,-1061.77,83108.43,0,1,0
2021-04-23,CASH,0.4286,0.006511,0.0,0.0,83108.43,0,1,0
2021-04-26,LONG,1.0,-0.004332,-0.004357,-362.12,82746.31,1,0,0
2021-04-27,CASH,0.5714,-0.003381,0.0,0.0,82746.31,1,0,0
2021-04-28,CASH,0.4286,0.003599,0.0,0.0,82746.31,0,1,0
2021-04-29,CASH,0.5714,-0.006555,0.0,0.0,82746.31,1,0,0
2021-04-30,LONG,0.7143,-0.005326,-0.005351,-442.74,82303.57,1,0,0
2021-05-03,CASH,0.5714,-0.017996,0.0,0.0,82303.57,1,0,0
2021-05-04,LONG,0.7143,-0.003362,-0.003387,-278.78,82024.79,1,0,0
2021-05-05,CASH,0.4286,0.007537,0.0,0.0,82024.79,0,1,0
2021-05-06,LONG,0.7143,0.008114,0.008089,663.53,82688.32,1,1,1
2021-05-07,CASH,0.4286,-0.025254,0.0,0.0,82688.32,0,0,1
2021-05-10,LONG,0.7143,-0.001381,-0.001406,-116.29,82572.03,1,0,0
2021-05-11,LONG,0.7143,-0.025883,-0.025908,-2139.27,80432.75,1,0,0
2021-05-12,LONG,0.7143,0.007731,0.007706,619.84,81052.6,1,1,1
2021-05-13,LONG,0.7143,0.022077,0.022052,1787.36,82839.96,1,1,1
2021-05-14,CASH,0.4286,-0.006066,0.0,0.0,82839.96,0,0,1
2021-05-17,CASH,0.5714,-0.006751,0.0,0.0,82839.96,1,0,0
2021-05-18,CASH,0.4286,0.001148,0.0,0.0,82839.96,0,1,0
2021-05-19,CASH,0.5714,0.019343,0.0,0.0,82839.96,1,1,1
2021-05-20,CASH,0.5714,-0.005535,0.0,0.0,82839.96,1,0,0
2021-05-21,CASH,0.5714,0.016819,0.0,0.0,82839.96,1,1,1
2021-05-24,LONG,0.8571,0.001383,0.001358,112.53,82952.48,1,1,1
2021-05-25,CASH,0.5714,0.003484,0.0,0.0,82952.48,1,1,1
2021-05-26,CASH,0.4286,-0.003741,0.0,0.0,82952.48,0,0,1
2021-05-27,CASH,0.5714,0.003154,0.0,0.0,82952.48,1,1,1
2021-05-28,SHORT,0.2857,-0.003324,0.003299,273.66,83226.14,0,0,1
2021-06-01,LONG,0.7143,0.001953,0.001928,160.46,83386.6,1,1,1
2021-06-02,LONG,0.7143,-0.010406,-0.010431,-869.78,82516.82,1,0,0
2021-06-03,CASH,0.5714,0.01697,0.0,0.0,82516.82,1,1,1
2021-06-04,CASH,0.5714,0.00298,0.0,0.0,82516.82,1,1,1
2021-06-07,LONG,0.7143,0.000475,0.00045,37.16,82553.98,1,1,1
2021-06-08,SHORT,0.1429,0.000238,-0.000263,-21.67,82532.31,0,1,0
2021-06-09,LONG,0.7143,0.01042,0.010395,857.96,83390.27,1,1,1
2021-06-10,LONG,0.7143,0.002615,0.00259,215.97,83606.24,1,1,1
2021-06-11,LONG,0.7143,0.009583,0.009558,799.09,84405.33,1,1,1
2021-06-14,LONG,0.7143,-0.006531,-0.006556,-553.36,83851.97,1,0,0
2021-06-15,CASH,0.5714,-0.003652,0.0,0.0,83851.97,1,0,0
2021-06-16,LONG,0.8571,0.012698,0.012673,1062.62,84914.58,1,1,1
2021-06-17,CASH,0.4286,-0.007847,0.0,0.0,84914.58,0,0,1
2021-06-18,CASH,0.4286,0.005049,0.0,0.0,84914.58,0,1,0
2021-06-21,LONG,0.7143,0.009322,0.009297,789.43,85704.01,1,1,1
2021-06-22,CASH,0.4286,0.000489,0.0,0.0,85704.01,0,1,0
2021-06-23,SHORT,0.2857,0.006183,-0.006208,-532.04,85171.97,0,1,0
2021-06-24,LONG,0.8571,-0.001229,-0.001254,-106.81,85065.16,1,0,0
2021-06-25,LONG,0.8571,0.012162,0.012137,1032.4,86097.57,1,1,1
2021-06-28,CASH,0.5714,0.003619,0.0,0.0,86097.57,1,1,1
2021-06-29,LONG,0.7143,-0.001578,-0.001603,-137.97,85959.6,1,0,0
2021-06-30,LONG,0.7143,0.000395,0.00037,31.81,85991.4,1,1,1
2021-07-01,LONG,0.7143,0.011479,0.011454,984.92,86976.32,1,1,1
2021-07-02,LONG,0.7143,0.004322,0.004297,373.72,87350.05,1,1,1
2021-07-06,CASH,0.5714,0.00211,0.0,0.0,87350.05,1,1,1
2021-07-07,LONG,0.8571,-0.00604,-0.006065,-529.75,86820.3,1,0,0
2021-07-08,LONG,0.7143,0.006244,0.006219,539.9,87360.2,1,1,1
2021-07-09,CASH,0.4286,0.003906,0.0,0.0,87360.2,0,1,0
2021-07-12,LONG,0.8571,0.0,-2.5e-05,-2.18,87358.02,1,0,0
2021-07-13,LONG,1.0,0.001793,0.001768,154.49,87512.51,1,1,1
2021-07-14,LONG,1.0,-0.007023,-0.007048,-616.83,86895.68,1,0,0
2021-07-15,CASH,0.5714,-0.008099,0.0,0.0,86895.68,1,0,0
2021-07-16,CASH,0.5714,-0.008193,0.0,0.0,86895.68,1,0,0
2021-07-19,LONG,0.8571,0.011616,0.011591,1007.24,87902.92,1,1,1
2021-07-20,LONG,0.7143,0.00772,0.007695,676.44,88579.37,1,1,1
2021-07-21,CASH,0.5714,0.00661,0.0,0.0,88579.37,1,1,1
2021-07-22,LONG,0.7143,0.011677,0.011652,1032.16,89611.53,1,1,1
2021-07-23,LONG,0.7143,0.000788,0.000763,68.33,89679.86,1,1,1
2021-07-26,LONG,0.8571,-0.011018,-0.011043,-990.33,88689.54,1,0,0
2021-07-27,CASH,0.5714,0.003842,0.0,0.0,88689.54,1,1,1
2021-07-28,CASH,0.5714,0.001777,0.0,0.0,88689.54,1,1,1
2021-07-29,CASH,0.5714,-0.005212,0.0,0.0,88689.54,1,0,0
2021-07-30,SHORT,0.2857,8.2e-05,-0.000107,-9.52,88680.02,0,1,0
2021-08-02,LONG,0.7143,0.006061,0.006036,535.31,89215.33,1,1,1
2021-08-03,LONG,0.7143,0.001445,0.00142,126.68,89342.0,1,1,1
2021-08-04,CASH,0.5714,0.006343,0.0,0.0,89342.0,1,1,1
2021-08-05,LONG,0.7143,-0.004382,-0.004407,-393.76,88948.24,1,0,0
2021-08-06,CASH,0.5714,0.001848,0.0,0.0,88948.24,1,1,1
2021-08-09,CASH,0.5714,-0.005126,0.0,0.0,88948.24,1,0,0
2021-08-10,CASH,0.5714,-0.001717,0.0,0.0,88948.24,1,0,0
2021-08-11,CASH,0.5714,0.003605,0.0,0.0,88948.24,1,1,1
2021-08-12,CASH,0.5714,0.00351,0.0,0.0,88948.24,1,1,1
2021-08-13,LONG,0.7143,0.000434,0.000409,36.36,88984.61,1,1,1
2021-08-16,LONG,0.8571,-0.008808,-0.008833,-786.01,88198.6,1,0,0
2021-08-17,CASH,0.5714,-0.009625,0.0,0.0,88198.6,1,0,0
2021-08-18,SHORT,0.2857,0.004831,-0.004856,-428.33,87770.27,0,1,0
2021-08-19,SHORT,0.1429,0.010358,-0.010383,-911.35,86858.92,0,1,0
2021-08-20,LONG,0.7143,0.014957,0.014932,1296.94,88155.86,1,1,1
2021-08-23,CASH,0.5714,0.003054,0.0,0.0,88155.86,1,1,1
2021-08-24,LONG,0.7143,0.001149,0.001124,99.05,88254.91,1,1,1
2021-08-25,CASH,0.5714,-0.00635,0.0,0.0,88254.91,1,0,0
2021-08-26,LONG,0.8571,0.00972,0.009695,855.65,89110.56,1,1,1
2021-08-27,LONG,0.7143,0.011222,0.011197,997.79,90108.35,1,1,1
2021-08-30,LONG,0.8571,-0.000815,-0.00084,-75.71,90032.64,1,0,0
2021-08-31,LONG,0.7143,0.001658,0.001633,147.03,90179.67,1,1,1
2021-09-01,LONG,0.7143,-0.000473,-0.000498,-44.9,90134.77,1,0,0
2021-09-02,LONG,0.8571,0.003076,0.003051,274.98,90409.74,1,1,1
2021-09-03,CASH,0.5714,0.001415,0.0,0.0,90409.74,1,1,1
2021-09-07,LONG,0.8571,-0.003481,-0.003506,-316.94,90092.8,1,0,0
2021-09-08,CASH,0.4286,-0.00344,0.0,0.0,90092.8,0,0,1
2021-09-09,LONG,1.0,-0.00759,-0.007615,-686.02,89406.78,1,0,0
2021-09-10,CASH,0.4286,-0.00069,0.0,0.0,89406.78,0,0,1
2021-09-13,LONG,0.7143,-0.002843,-0.002868,-256.44,89150.35,1,0,0
2021-09-14,CASH,0.5714,0.007435,0.0,0.0,89150.35,1,1,1
2021-09-15,LONG,1.0,0.000688,0.000663,59.09,89209.43,1,1,1
2021-09-16,LONG,0.8571,-0.011842,-0.011867,-1058.66,88150.77,1,0,0
2021-09-17,CASH,0.5714,-0.021748,0.0,0.0,88150.77,1,0,0
2021-09-20,CASH,0.5714,0.00123,0.0,0.0,88150.77,1,1,1
2021-09-21,LONG,0.7143,0.00934,0.009315,821.17,88971.94,1,1,1
2021-09-22,CASH,0.5714,0.009227,0.0,0.0,88971.94,1,1,1
2021-09-23,CASH,0.5714,0.000938,0.0,0.0,88971.94,1,1,1
2021-09-24,CASH,0.4286,-0.007982,0.0,0.0,88971.94,0,0,1
2021-09-27,CASH,0.4286,-0.028298,0.0,0.0,88971.94,0,0,1
2021-09-28,CASH,0.4286,-0.001639,0.0,0.0,88971.94,0,0,1
2021-09-29,CASH,0.5714,-0.003674,0.0,0.0,88971.94,1,0,0
2021-09-30,CASH,0.4286,0.006202,0.0,0.0,88971.94,0,1,0
2021-10-01,CASH,0.5714,-0.020989,0.0,0.0,88971.94,1,0,0
2021-10-04,LONG,1.0,0.013499,0.013474,1198.81,90170.74,1,1,1
2021-10-05,CASH,0.5714,0.006408,0.0,0.0,90170.74,1,1,1
2021-10-06,LONG,0.8571,0.009175,0.00915,825.07,90995.81,1,1,1
2021-10-07,LONG,0.7143,-0.004987,-0.005012,-456.04,90539.77,1,0,0
2021-10-08,CASH,0.5714,-0.00767,0.0,0.0,90539.77,1,0,0
2021-10-11,CASH,0.5714,-0.003488,0.0,0.0,90539.77,1,0,0
2021-10-12,CASH,0.4286,0.008008,0.0,0.0,90539.77,0,1,0
2021-10-13,LONG,0.7143,0.018417,0.018392,1665.18,92204.95,1,1,1
2021-10-14,CASH,0.4286,0.006301,0.0,0.0,92204.95,0,1,0
2021-10-15,CASH,0.5714,0.010056,0.0,0.0,92204.95,1,1,1
2021-10-18,LONG,0.8571,0.007567,0.007542,695.45,92900.4,1,1,1
2021-10-19,LONG,0.7143,-0.001305,-0.00133,-123.56,92776.84,1,0,0
2021-10-20,SHORT,0.2857,0.006107,-0.006132,-568.9,92207.94,0,1,0
2021-10-21,CASH,0.4286,-0.008402,0.0,0.0,92207.94,0,0,1
2021-10-22,CASH,0.5714,0.010238,0.0,0.0,92207.94,1,1,1
2021-10-25,CASH,0.5714,0.003149,0.0,0.0,92207.94,1,1,1
2021-10-26,CASH,0.5714,0.002321,0.0,0.0,92207.94,1,1,1
2021-10-27,CASH,0.5714,0.011105,0.0,0.0,92207.94,1,1,1
2021-10-28,CASH,0.4286,0.004919,0.0,0.0,92207.94,0,1,0
2021-10-29,CASH,0.4286,0.003419,0.0,0.0,92207.94,0,1,0
2021-11-01,SHORT,0.2857,0.004181,-0.004206,-387.86,91820.08,0,1,0
2021-11-02,CASH,0.5714,0.010616,0.0,0.0,91820.08,1,1,1
2021-11-03,CASH,0.5714,0.012819,0.0,0.0,91820.08,1,1,1
2021-11-04,CASH,0.5714,0.000954,0.0,0.0,91820.08,1,1,1
2021-11-05,LONG,0.7143,-0.001355,-0.00138,-126.69,91693.39,1,0,0
2021-11-08,LONG,0.8571,-0.006883,-0.006908,-633.45,91059.94,1,0,0
2021-11-09,LONG,0.7143,-0.014697,-0.014722,-1340.58,89719.36,1,0,0
2021-11-10,LONG,0.7143,0.002773,0.002748,246.52,89965.88,1,1,1
2021-11-11,CASH,0.5714,0.010523,0.0,0.0,89965.88,1,1,1
2021-11-12,CASH,0.5714,-0.000228,0.0,0.0,89965.88,1,0,0
2021-11-15,LONG,0.7143,0.007121,0.007096,638.4,90604.28,1,1,1
2021-11-16,CASH,0.4286,0.000528,0.0,0.0,90604.28,0,1,0
2021-11-17,LONG,0.8571,0.010361,0.010336,936.52,91540.8,1,1,1
2021-11-18,LONG,0.7143,0.005576,0.005551,508.1,92048.9,1,1,1
2021-11-19,LONG,1.0,-0.011609,-0.011634,-1070.92,90977.99,1,0,0
2021-11-22,CASH,0.4286,-0.004558,0.0,0.0,90977.99,0,0,1
2021-11-23,CASH,0.5714,0.00322,0.0,0.0,90977.99,1,1,1
2021-11-24,LONG,0.7143,-0.018959,-0.018984,-1727.1,89250.88,1,0,0
2021-11-26,LONG,0.7143,0.021702,0.021677,1934.73,91185.61,1,1,1
2021-11-29,LONG,0.8571,-0.014686,-0.014711,-1341.47,89844.15,1,0,0
2021-11-30,LONG,0.8571,-0.017013,-0.017038,-1530.75,88313.39,1,0,0
2021-12-01,SHORT,0.2857,0.007207,-0.007232,-638.69,87674.7,0,1,0
2021-12-02,CASH,0.5714,-0.017389,0.0,0.0,87674.7,1,0,0
2021-12-03,LONG,0.7143,0.008013,0.007988,700.34,88375.05,1,1,1
2021-12-06,CASH,0.4286,0.030114,0.0,0.0,88375.05,0,1,0
2021-12-07,CASH,0.4286,0.004474,0.0,0.0,88375.05,0,1,0
2021-12-08,LONG,0.7143,-0.014714,-0.014739,-1302.58,87072.46,1,0,0
2021-12-09,LONG,0.7143,0.01087,0.010845,944.33,88016.8,1,1,1
2021-12-10,LONG,0.7143,-0.014447,-0.014472,-1273.77,86743.03,1,0,0
2021-12-13,CASH,0.5714,-0.01035,0.0,0.0,86743.03,1,0,0
2021-12-14,SHORT,0.2857,0.022797,-0.022822,-1979.69,84763.34,0,1,0
2021-12-15,LONG,0.7143,-0.025715,-0.02574,-2181.78,82581.56,1,0,0
2021-12-16,CASH,0.5714,-0.004989,0.0,0.0,82581.56,1,0,0
2021-12-17,SHORT,0.2857,-0.010964,0.010939,903.33,83484.89,0,0,1
2021-12-20,CASH,0.5714,0.02238,0.0,0.0,83484.89,1,1,1
2021-12-21,SHORT,0.1429,0.012179,-0.012204,-1018.81,82466.07,0,1,0
2021-12-22,LONG,0.8571,0.007539,0.007514,619.65,83085.73,1,1,1
2021-12-23,CASH,0.5714,0.016527,0.0,0.0,83085.73,1,1,1
2021-12-27,LONG,0.7143,-0.004635,-0.00466,-387.16,82698.57,1,0,0
2021-12-28,CASH,0.4286,-0.000149,0.0,0.0,82698.57,0,0,1
2021-12-29,SHORT,0.1429,-0.002988,0.002963,245.07,82943.64,0,0,1
2021-12-30,CASH,0.5714,-0.006245,0.0,0.0,82943.64,1,0,0
2021-12-31,LONG,0.7143,0.009627,0.009602,796.4,83740.04,1,1,1
2022-01-03,CASH,0.4286,-0.012971,0.0,0.0,83740.04,0,0,1
2022-01-04,LONG,0.7143,-0.030721,-0.030746,-2574.68,81165.36,1,0,0
2022-01-05,CASH,0.4286,-0.000703,0.0,0.0,81165.36,0,0,1
2022-01-06,CASH,0.5714,-0.010833,0.0,0.0,81165.36,1,0,0
2022-01-07,LONG,0.8571,0.000658,0.000633,51.39,81216.75,1,1,1
2022-01-10,LONG,0.7143,0.015022,0.014997,1218.01,82434.76,1,1,1
2022-01-11,CASH,0.4286,0.003966,0.0,0.0,82434.76,0,1,0
2022-01-12,CASH,0.4286,-0.025016,0.0,0.0,82434.76,0,0,1
2022-01-13,SHORT,0.2857,0.006223,-0.006248,-515.01,81919.74,0,1,0
2022-01-14,LONG,0.7143,-0.024894,-0.024919,-2041.37,79878.37,1,0,0
2022-01-18,CASH,0.4286,-0.010984,0.0,0.0,79878.37,0,0,1
2022-01-19,LONG,0.7143,-0.012988,-0.013013,-1039.49,78838.88,1,0,0
2022-01-20,LONG,0.7143,-0.027729,-0.027754,-2188.06,76650.81,1,0,0
2022-01-21,CASH,0.5714,0.004578,0.0,0.0,76650.81,1,1,1
2022-01-24,LONG,0.7143,-0.023181,-0.023206,-1778.79,74872.02,1,0,0
2022-01-25,LONG,1.0,-0.001565,-0.00159,-119.02,74753.0,1,0,0
2022-01-26,CASH,0.5714,-0.010071,0.0,0.0,74753.0,1,0,0
2022-01-27,CASH,0.4286,0.031369,0.0,0.0,74753.0,0,1,0
2022-01-28,SHORT,0.2857,0.031978,-0.032003,-2392.35,72360.65,0,1,0
2022-01-31,CASH,0.4286,0.006803,0.0,0.0,72360.65,0,1,0
2022-02-01,SHORT,0.1429,0.008125,-0.00815,-589.77,71770.88,0,1,0
2022-02-02,LONG,0.7143,-0.040544,-0.040569,-2911.66,68859.22,1,0,0
2022-02-03,LONG,0.7143,0.012615,0.01259,866.94,69726.15,1,1,1
2022-02-04,CASH,0.5714,-0.008044,0.0,0.0,69726.15,1,0,0
2022-02-07,CASH,0.4286,0.011235,0.0,0.0,69726.15,0,1,0
2022-02-08,LONG,0.7143,0.021191,0.021166,1475.81,71201.96,1,1,1
2022-02-09,CASH,0.5714,-0.022633,0.0,0.0,71201.96,1,0,0
2022-02-10,LONG,0.8571,-0.031722,-0.031747,-2260.42,68941.54,1,0,0
2022-02-11,CASH,0.5714,0.001239,0.0,0.0,68941.54,1,1,1
2022-02-14,CASH,0.5714,0.024864,0.0,0.0,68941.54,1,1,1
2022-02-15,CASH,0.4286,-0.000253,0.0,0.0,68941.54,0,0,1
2022-02-16,LONG,0.7143,-0.029744,-0.029769,-2052.31,66889.23,1,0,0
2022-02-17,CASH,0.4286,-0.011405,0.0,0.0,66889.23,0,0,1
2022-02-18,CASH,0.5714,-0.010044,0.0,0.0,66889.23,1,0,0
2022-02-22,SHORT,0.2857,-0.025615,0.02559,1711.71,68600.93,0,0,1
2022-02-23,LONG,0.8571,0.033604,0.033579,2303.58,70904.51,1,1,1
2022-02-24,LONG,0.7143,0.015507,0.015482,1097.75,72002.26,1,1,1
2022-02-25,SHORT,0.2857,0.002979,-0.003004,-216.28,71785.98,0,1,0
2022-02-28,CASH,0.5714,-0.015311,0.0,0.0,71785.98,1,0,0
2022-03-01,LONG,0.7143,0.016779,0.016754,1202.73,72988.71,1,1,1
2022-03-02,SHORT,0.2857,-0.014285,0.01426,1040.81,74029.52,0,0,1
2022-03-03,LONG,0.7143,-0.014492,-0.014517,-1074.68,72954.84,1,0,0
2022-03-04,CASH,0.5714,-0.036881,0.0,0.0,72954.84,1,0,0
2022-03-07,CASH,0.4286,-0.004648,0.0,0.0,72954.84,0,0,1
2022-03-08,CASH,0.5714,0.035998,0.0,0.0,72954.84,1,1,1
2022-03-09,CASH,0.5714,-0.011105,0.0,0.0,72954.84,1,0,0
2022-03-10,CASH,0.5714,-0.020738,0.0,0.0,72954.84,1,0,0
2022-03-11,CASH,0.4286,-0.019205,0.0,0.0,72954.84,0,0,1
2022-03-14,SHORT,0.2857,0.031367,-0.031392,-2290.18,70664.65,0,1,0
2022-03-15,LONG,1.0,0.037087,0.037062,2618.95,73283.61,1,1,1
2022-03-16,CASH,0.4286,0.012106,0.0,0.0,73283.61,0,1,0
2022-03-17,LONG,0.8571,0.020468,0.020443,1498.13,74781.74,1,1,1
2022-03-18,LONG,0.7143,-0.004012,-0.004037,-301.86,74479.88,1,0,0
2022-03-21,LONG,0.7143,0.019653,0.019628,1461.87,75941.75,1,1,1
2022-03-22,CASH,0.5714,-0.014371,0.0,0.0,75941.75,1,0,0
2022-03-23,CASH,0.5714,0.022227,0.0,0.0,75941.75,1,1,1
2022-03-24,SHORT,0.2857,-0.000834,0.000809,61.45,76003.19,0,0,1
2022-03-25,CASH,0.5714,0.015472,0.0,0.0,76003.19,1,1,1
2022-03-28,SHORT,0.2857,0.01721,-0.017235,-1309.89,74693.3,0,1,0
2022-03-29,CASH,0.4286,-0.011046,0.0,0.0,74693.3,0,0,1
2022-03-30,LONG,0.7143,-0.012395,-0.01242,-927.67,73765.63,1,0,0
2022-03-31,CASH,0.5714,-0.001903,0.0,0.0,73765.63,1,0,0
2022-04-01,LONG,0.7143,0.020589,0.020564,1516.89,75282.52,1,1,1
2022-04-04,CASH,0.5714,-0.022204,0.0,0.0,75282.52,1,0,0
2022-04-05,LONG,0.7143,-0.021711,-0.021736,-1636.37,73646.14,1,0,0
2022-04-06,CASH,0.4286,0.002378,0.0,0.0,73646.14,0,1,0
2022-04-07,CASH,0.5714,-0.013979,0.0,0.0,73646.14,1,0,0
2022-04-08,LONG,0.7143,-0.023657,-0.023682,-1744.12,71902.03,1,0,0
2022-04-11,LONG,0.8571,-0.004224,-0.004249,-305.53,71596.5,1,0,0
2022-04-12,CASH,0.4286,0.020327,0.0,0.0,71596.5,0,1,0
2022-04-13,CASH,0.4286,-0.022867,0.0,0.0,71596.5,0,0,1
2022-04-14,CASH,0.4286,0.000768,0.0,0.0,71596.5,0,1,0
2022-04-18,LONG,1.0,0.022351,0.022326,1598.45,73194.95,1,1,1
2022-04-19,SHORT,0.2857,-0.014584,0.014559,1065.68,74260.63,0,0,1
2022-04-20,CASH,0.4286,-0.020691,0.0,0.0,74260.63,0,0,1
2022-04-21,CASH,0.5714,-0.026186,0.0,0.0,74260.63,1,0,0
2022-04-22,SHORT,0.2857,0.012846,-0.012871,-955.79,73304.84,0,1,0
2022-04-25,CASH,0.4286,-0.037745,0.0,0.0,73304.84,0,0,1
2022-04-26,LONG,0.7143,-0.001198,-0.001223,-89.67,73215.17,1,0,0
2022-04-27,CASH,0.5714,0.035516,0.0,0.0,73215.17,1,1,1
2022-04-28,SHORT,0.2857,-0.044999,0.044974,3292.75,76507.93,0,0,1
2022-04-29,CASH,0.5714,0.016696,0.0,0.0,76507.93,1,1,1
2022-05-02,CASH,0.4286,0.001068,0.0,0.0,76507.93,0,1,0
2022-05-03,CASH,0.5714,0.033812,0.0,0.0,76507.93,1,1,1
2022-05-04,CASH,0.4286,-0.050364,0.0,0.0,76507.93,0,0,1
2022-05-05,LONG,0.8571,-0.011981,-0.012006,-918.54,75589.39,1,0,0
2022-05-06,SHORT,0.2857,-0.039127,0.039102,2955.69,78545.08,0,0,1
2022-05-09,LONG,0.8571,0.012149,0.012124,952.26,79497.34,1,1,1
2022-05-10,LONG,0.8571,-0.029658,-0.029683,-2359.74,77137.6,1,0,0
2022-05-11,LONG,0.7143,-0.002364,-0.002389,-184.31,76953.3,1,0,0
2022-05-12,LONG,0.7143,0.03706,0.037035,2849.96,79803.26,1,1,1
2022-05-13,SHORT,0.2857,-0.011592,0.011567,923.06,80726.32,0,0,1
2022-05-16,CASH,0.5714,0.025901,0.0,0.0,80726.32,1,1,1
2022-05-17,CASH,0.5714,-0.04909,0.0,0.0,80726.32,1,0,0
2022-05-18,SHORT,0.1429,-0.005358,0.005333,430.54,81156.86,0,0,1
2022-05-19,CASH,0.4286,-0.003108,0.0,0.0,81156.86,0,0,1
2022-05-20,CASH,0.5714,0.016627,0.0,0.0,81156.86,1,1,1
2022-05-23,CASH,0.5714,-0.021262,0.0,0.0,81156.86,1,0,0
2022-05-24,LONG,0.7143,0.013995,0.01397,1133.79,82290.65,1,1,1
2022-05-25,CASH,0.5714,0.027707,0.0,0.0,82290.65,1,1,1
2022-05-26,SHORT,0.1429,0.03264,-0.032665,-2687.99,79602.66,0,1,0
2022-05-27,CASH,0.4286,-0.002653,0.0,0.0,79602.66,0,0,1
2022-05-31,LONG,0.8571,-0.007396,-0.007421,-590.72,79011.94,1,0,0
2022-06-01,CASH,0.5714,0.027386,0.0,0.0,79011.94,1,1,1
2022-06-02,SHORT,0.2857,-0.026019,0.025994,2053.87,81065.81,0,0,1
2022-06-03,CASH,0.5714,0.003331,0.0,0.0,81065.81,1,1,1
2022-06-06,LONG,0.8571,0.008626,0.008601,697.22,81763.03,1,1,1
2022-06-07,CASH,0.4286,-0.007197,0.0,0.0,81763.03,0,0,1
2022-06-08,LONG,0.7143,-0.026785,-0.02681,-2192.04,79571.0,1,0,0
2022-06-09,CASH,0.5714,-0.035271,0.0,0.0,79571.0,1,0,0
2022-06-10,SHORT,0.2857,-0.046496,0.046471,3697.77,83268.76,0,0,1
2022-06-13,CASH,0.5714,0.001815,0.0,0.0,83268.76,1,1,1
2022-06-14,LONG,0.7143,0.024972,0.024947,2077.29,85346.06,1,1,1
2022-06-15,CASH,0.4286,-0.040346,0.0,0.0,85346.06,0,0,1
2022-06-16,CASH,0.4286,0.01216,0.0,0.0,85346.06,0,1,0
2022-06-17,LONG,0.7143,0.023263,0.023238,1983.23,87329.29,1,1,1
2022-06-21,CASH,0.5714,-0.001459,0.0,0.0,87329.29,1,0,0
2022-06-22,LONG,0.8571,0.014893,0.014868,1298.4,88627.69,1,1,1
2022-06-23,LONG,0.7143,0.034264,0.034239,3034.49,91662.18,1,1,1
2022-06-24,CASH,0.4286,-0.007332,0.0,0.0,91662.18,0,0,1
2022-06-27,CASH,0.5714,-0.030467,0.0,0.0,91662.18,1,0,0
2022-06-28,CASH,0.5714,0.000917,0.0,0.0,91662.18,1,1,1
2022-06-29,LONG,0.7143,-0.012403,-0.012428,-1139.18,90522.99,1,0,0
2022-06-30,SHORT,0.2857,0.006601,-0.006626,-599.77,89923.23,0,1,0
2022-07-01,SHORT,0.2857,0.01712,-0.017145,-1541.71,88381.52,0,1,0
2022-07-05,SHORT,0.2857,0.006412,-0.006437,-568.91,87812.61,0,1,0
2022-07-06,CASH,0.4286,0.021399,0.0,0.0,87812.61,0,1,0
2022-07-07,CASH,0.4286,0.001254,0.0,0.0,87812.61,0,1,0
2022-07-08,CASH,0.4286,-0.021364,0.0,0.0,87812.61,0,0,1
2022-07-11,CASH,0.5714,-0.009687,0.0,0.0,87812.61,1,0,0
2022-07-12,LONG,0.7143,-0.002061,-0.002086,-183.19,87629.41,1,0,0
2022-07-13,CASH,0.4286,0.003571,0.0,0.0,87629.41,0,1,0
2022-07-14,CASH,0.5714,0.018139,0.0,0.0,87629.41,1,1,1
2022-07-15,CASH,0.4286,-0.008463,0.0,0.0,87629.41,0,0,1
2022-07-18,CASH,0.5714,0.030753,0.0,0.0,87629.41,1,1,1
2022-07-19,CASH,0.5714,0.015857,0.0,0.0,87629.41,1,1,1
2022-07-20,CASH,0.4286,0.014355,0.0,0.0,87629.41,0,1,0
2022-07-21,CASH,0.4286,-0.017535,0.0,0.0,87629.41,0,0,1
2022-07-22,CASH,0.5714,-0.005696,0.0,0.0,87629.41,1,0,0
2022-07-25,CASH,0.4286,-0.019649,0.0,0.0,87629.41,0,0,1
2022-07-26,LONG,0.8571,0.04226,0.042235,3701.01,91330.42,1,1,1
2022-07-27,CASH,0.5714,0.009778,0.0,0.0,91330.42,1,1,1
2022-07-28,LONG,0.8571,0.018237,0.018212,1663.31,92993.72,1,1,1
2022-07-29,CASH,0.4286,-0.000602,0.0,0.0,92993.72,0,0,1
2022-08-01,CASH,0.5714,-0.002982,0.0,0.0,92993.72,1,0,0
2022-08-02,CASH,0.4286,0.027233,0.0,0.0,92993.72,0,1,0
2022-08-03,SHORT,0.1429,0.004676,-0.004701,-437.21,92556.52,0,1,0
2022-08-04,CASH,0.4286,-0.008169,0.0,0.0,92556.52,0,0,1
2022-08-05,LONG,0.7143,-0.003232,-0.003257,-301.49,92255.03,1,0,0
2022-08-08,CASH,0.5714,-0.011319,0.0,0.0,92255.03,1,0,0
2022-08-09,LONG,0.7143,0.027911,0.027886,2572.62,94827.65,1,1,1
2022-08-10,LONG,0.8571,-0.005676,-0.005701,-540.62,94287.03,1,0,0
2022-08-11,CASH,0.4286,0.019471,0.0,0.0,94287.03,0,1,0
2022-08-12,LONG,0.8571,0.008081,0.008056,759.61,95046.63,1,1,1
2022-08-15,LONG,0.8571,-0.002342,-0.002367,-224.97,94821.67,1,0,0
2022-08-16,CASH,0.5714,-0.011406,0.0,0.0,94821.67,1,0,0
2022-08-17,LONG,0.8571,0.002405,0.00238,225.67,95047.34,1,1,1
2022-08-18,CASH,0.4286,-0.019497,0.0,0.0,95047.34,0,0,1
2022-08-19,LONG,0.7143,-0.026327,-0.026352,-2504.71,92542.63,1,0,0
2022-08-22,CASH,0.4286,-0.000827,0.0,0.0,92542.63,0,0,1
2022-08-23,LONG,0.7143,0.002897,0.002872,265.8,92808.43,1,1,1
2022-08-24,LONG,0.8571,0.017682,0.017657,1638.71,94447.14,1,1,1
2022-08-25,CASH,0.4286,-0.040988,0.0,0.0,94447.14,0,0,1
2022-08-26,LONG,0.7143,-0.009856,-0.009881,-933.19,93513.95,1,0,0
2022-08-29,LONG,0.8571,-0.011136,-0.011161,-1043.74,92470.21,1,0,0
2022-08-30,LONG,0.8571,-0.005814,-0.005839,-539.89,91930.31,1,0,0
2022-08-31,CASH,0.5714,0.000434,0.0,0.0,91930.31,1,1,1
2022-09-01,CASH,0.5714,-0.014128,0.0,0.0,91930.31,1,0,0
2022-09-02,LONG,0.7143,-0.007182,-0.007207,-662.58,91267.74,1,0,0
2022-09-06,CASH,0.5714,0.020201,0.0,0.0,91267.74,1,1,1
2022-09-07,CASH,0.4286,0.005184,0.0,0.0,91267.74,0,1,0
2022-09-08,CASH,0.4286,0.021862,0.0,0.0,91267.74,0,1,0
2022-09-09,CASH,0.4286,0.011886,0.0,0.0,91267.74,0,1,0
2022-09-12,SHORT,0.2857,-0.054837,0.054812,5002.55,96270.28,0,0,1
2022-09-13,SHORT,0.2857,0.007933,-0.007958,-766.14,95504.14,0,1,0
2022-09-14,SHORT,0.2857,-0.016654,0.016629,1588.11,97092.25,0,0,1
2022-09-15,CASH,0.5714,-0.006115,0.0,0.0,97092.25,1,0,0
2022-09-16,LONG,0.7143,0.005979,0.005954,578.13,97670.39,1,1,1
2022-09-19,CASH,0.5714,-0.007971,0.0,0.0,97670.39,1,0,0
2022-09-20,CASH,0.4286,-0.017906,0.0,0.0,97670.39,0,0,1
2022-09-21,CASH,0.5714,-0.012308,0.0,0.0,97670.39,1,0,0
2022-09-22,CASH,0.5714,-0.016282,0.0,0.0,97670.39,1,0,0
2022-09-23,LONG,0.8571,-0.004138,-0.004163,-406.59,97263.8,1,0,0
2022-09-26,CASH,0.4286,0.000401,0.0,0.0,97263.8,0,1,0
2022-09-27,CASH,0.4286,0.019892,0.0,0.0,97263.8,0,1,0
2022-09-28,SHORT,0.2857,-0.028828,0.028803,2801.45,100065.25,0,0,1
2022-09-29,CASH,0.5714,-0.016957,0.0,0.0,100065.25,1,0,0
2022-09-30,SHORT,0.1429,0.02346,-0.023485,-2350.06,97715.19,0,1,0
2022-10-03,SHORT,0.2857,0.031441,-0.031466,-3074.69,94640.51,0,1,0
2022-10-04,CASH,0.5714,-0.000532,0.0,0.0,94640.51,1,0,0
2022-10-05,CASH,0.4286,-0.007873,0.0,0.0,94640.51,0,0,1
2022-10-06,CASH,0.4286,-0.038104,0.0,0.0,94640.51,0,0,1
2022-10-07,SHORT,0.1429,-0.009996,0.009971,943.69,95584.19,0,0,1
2022-10-10,SHORT,0.2857,-0.013738,0.013713,1310.77,96894.96,0,0,1
2022-10-11,CASH,0.5714,-0.000343,0.0,0.0,96894.96,1,0,0
2022-10-12,LONG,0.7143,0.023452,0.023427,2270.0,99164.96,1,1,1
2022-10-13,CASH,0.4286,-0.030057,0.0,0.0,99164.96,0,0,1
2022-10-14,SHORT,0.2857,0.033021,-0.033046,-3277.05,95887.91,0,1,0
2022-10-17,SHORT,0.1429,0.007908,-0.007933,-760.67,95127.23,0,1,0
2022-10-18,SHORT,0.0,-0.003647,0.003622,344.53,95471.76,0,0,1
2022-10-19,SHORT,0.2857,-0.005102,0.005077,484.7,95956.46,0,0,1
2022-10-20,CASH,0.4286,0.023448,0.0,0.0,95956.46,0,1,0
2022-10-21,CASH,0.4286,0.011001,0.0,0.0,95956.46,0,1,0
2022-10-24,CASH,0.5714,0.020686,0.0,0.0,95956.46,1,1,1
2022-10-25,SHORT,0.2857,-0.022096,0.022071,2117.89,98074.35,0,0,1
2022-10-26,CASH,0.5714,-0.018206,0.0,0.0,98074.35,1,0,0
2022-10-27,CASH,0.4286,0.030601,0.0,0.0,98074.35,0,1,0
2022-10-28,CASH,0.4286,-0.011628,0.0,0.0,98074.35,0,0,1
2022-10-31,CASH,0.5714,-0.010218,0.0,0.0,98074.35,1,0,0
2022-11-01,LONG,0.7143,-0.034277,-0.034302,-3364.16,94710.18,1,0,0
2022-11-02,SHORT,0.2857,-0.019535,0.01951,1847.78,96557.96,0,0,1
2022-11-03,SHORT,0.1429,0.016085,-0.01611,-1555.56,95002.4,0,1,0
2022-11-04,CASH,0.4286,0.010994,0.0,0.0,95002.4,0,1,0
2022-11-07,CASH,0.5714,0.007287,0.0,0.0,95002.4,1,1,1
2022-11-08,LONG,0.7143,-0.023076,-0.023101,-2194.68,92807.72,1,0,0
2022-11-09,CASH,0.5714,0.073789,0.0,0.0,92807.72,1,1,1
2022-11-10,CASH,0.4286,0.018426,0.0,0.0,92807.72,0,1,0
2022-11-11,CASH,0.4286,-0.008751,0.0,0.0,92807.72,0,0,1
2022-11-14,CASH,0.4286,0.013838,0.0,0.0,92807.72,0,1,0
2022-11-15,CASH,0.5714,-0.013649,0.0,0.0,92807.72,1,0,0
2022-11-16,CASH,0.4286,-0.002207,0.0,0.0,92807.72,0,0,1
2022-11-17,SHORT,0.2857,3.5e-05,-6e-05,-5.58,92802.14,0,1,0
2022-11-18,LONG,0.7143,-0.010287,-0.010312,-956.99,91845.14,1,0,0
2022-11-21,CASH,0.5714,0.014403,0.0,0.0,91845.14,1,1,1
2022-11-22,CASH,0.4286,0.010037,0.0,0.0,91845.14,0,1,0
2022-11-23,CASH,0.4286,-0.006578,0.0,0.0,91845.14,0,0,1
2022-11-25,LONG,0.7143,-0.014673,-0.014698,-1349.95,90495.19,1,0,0
2022-11-28,LONG,0.7143,-0.00757,-0.007595,-687.27,89807.92,1,0,0
2022-11-29,LONG,0.8571,0.045586,0.045561,4091.71,93899.63,1,1,1
2022-11-30,CASH,0.5714,0.001227,0.0,0.0,93899.63,1,1,1
2022-12-01,CASH,0.4286,-0.003983,0.0,0.0,93899.63,0,0,1
2022-12-02,CASH,0.4286,-0.016783,0.0,0.0,93899.63,0,0,1
2022-12-05,LONG,1.0,-0.02072,-0.020745,-1947.99,91951.65,1,0,0
2022-12-06,LONG,0.7143,-0.004083,-0.004108,-377.7,91573.94,1,0,0
2022-12-07,LONG,0.7143,0.011835,0.01181,1081.47,92655.41,1,1,1
2022-12-08,CASH,0.5714,-0.006377,0.0,0.0,92655.41,1,0,0
2022-12-09,LONG,0.7143,0.012551,0.012526,1160.63,93816.04,1,1,1
2022-12-12,CASH,0.5714,0.01075,0.0,0.0,93816.04,1,1,1
2022-12-13,CASH,0.4286,-0.007414,0.0,0.0,93816.04,0,0,1
2022-12-14,CASH,0.4286,-0.033576,0.0,0.0,93816.04,0,0,1
2022-12-15,SHORT,0.1429,-0.009535,0.00951,892.15,94708.19,0,0,1
2022-12-16,SHORT,0.1429,-0.016408,0.016383,1551.64,96259.83,0,0,1
2022-12-19,LONG,0.7143,-0.000778,-0.000803,-77.34,96182.49,1,0,0
2022-12-20,LONG,0.7143,0.014506,0.014481,1392.84,97575.33,1,1,1
2022-12-21,CASH,0.5714,-0.024465,0.0,0.0,97575.33,1,0,0
2022-12-22,CASH,0.5714,0.002249,0.0,0.0,97575.33,1,1,1
2022-12-23,CASH,0.5714,-0.014138,0.0,0.0,97575.33,1,0,0
2022-12-27,SHORT,0.2857,-0.013203,0.013178,1285.82,98861.15,0,0,1
2022-12-28,CASH,0.5714,0.024375,0.0,0.0,98861.15,1,1,1
2022-12-29,SHORT,0.2857,-0.000601,0.000576,56.9,98918.05,0,0,1
2022-12-30,CASH,0.4286,-0.00676,0.0,0.0,98918.05,0,0,1
2023-01-03,SHORT,0.1429,0.004764,-0.004789,-473.72,98444.33,0,1,0
2023-01-04,LONG,0.7143,-0.015654,-0.015679,-1543.55,96900.78,1,0,0
2023-01-05,SHORT,0.2857,0.027602,-0.027627,-2677.03,94223.75,0,1,0
2023-01-06,LONG,0.7143,0.006473,0.006448,607.58,94831.33,1,1,1
2023-01-09,CASH,0.5714,0.008464,0.0,0.0,94831.33,1,1,1
2023-01-10,LONG,0.7143,0.0173,0.017275,1638.23,96469.56,1,1,1
2023-01-11,CASH,0.5714,0.005404,0.0,0.0,96469.56,1,1,1
2023-01-12,CASH,0.4286,0.006881,0.0,0.0,96469.56,0,1,0
2023-01-13,CASH,0.5714,0.002029,0.0,0.0,96469.56,1,1,1
2023-01-17,CASH,0.4286,-0.013,0.0,0.0,96469.56,0,0,1
2023-01-18,CASH,0.5714,-0.009824,0.0,0.0,96469.56,1,0,0
2023-01-19,CASH,0.5714,0.027367,0.0,0.0,96469.56,1,1,1
2023-01-20,CASH,0.4286,0.022216,0.0,0.0,96469.56,0,1,0
2023-01-23,CASH,0.5714,-0.002042,0.0,0.0,96469.56,1,0,0
2023-01-24,CASH,0.4286,-0.002219,0.0,0.0,96469.56,0,0,1
2023-01-25,LONG,0.7143,0.019497,0.019472,1878.49,98348.05,1,1,1
2023-01-26,CASH,0.4286,0.009954,0.0,0.0,98348.05,0,1,0
2023-01-27,CASH,0.5714,-0.020219,0.0,0.0,98348.05,1,0,0
2023-01-30,CASH,0.4286,0.014986,0.0,0.0,98348.05,0,1,0
2023-01-31,CASH,0.5714,0.021384,0.0,0.0,98348.05,1,1,1
2023-02-01,SHORT,0.2857,0.03589,-0.035915,-3532.16,94815.89,0,1,0
2023-02-02,CASH,0.5714,-0.017772,0.0,0.0,94815.89,1,0,0
2023-02-03,SHORT,0.1429,-0.008459,0.008434,799.68,95615.57,0,0,1
2023-02-06,SHORT,0.2857,0.020719,-0.020744,-1983.43,93632.15,0,1,0
2023-02-07,CASH,0.5714,-0.017781,0.0,0.0,93632.15,1,0,0
2023-02-08,LONG,0.8571,-0.008838,-0.008863,-829.86,92802.29,1,0,0
2023-02-09,LONG,0.7143,-0.006563,-0.006588,-611.4,92190.89,1,0,0
2023-02-10,LONG,1.0,0.016016,0.015991,1474.22,93665.12,1,1,1
2023-02-13,LONG,0.7143,0.007389,0.007364,689.77,94354.88,1,1,1
2023-02-14,CASH,0.5714,0.007661,0.0,0.0,94354.88,1,1,1
2023-02-15,SHORT,0.2857,-0.018764,0.018739,1768.14,96123.02,0,0,1
2023-02-16,CASH,0.4286,-0.007056,0.0,0.0,96123.02,0,0,1
2023-02-17,SHORT,0.2857,-0.023675,0.02365,2273.32,98396.34,0,0,1
2023-02-21,CASH,0.4286,0.000748,0.0,0.0,98396.34,0,1,0
2023-02-22,LONG,0.8571,0.008734,0.008709,856.94,99253.28,1,1,1
2023-02-23,SHORT,0.2857,-0.016744,0.016719,1659.43,100912.71,0,0,1
2023-02-24,LONG,0.7143,0.007161,0.007136,720.13,101632.85,1,1,1
2023-02-27,LONG,0.7143,-0.001293,-0.001318,-133.93,101498.92,1,0,0
2023-02-28,CASH,0.5714,-0.008039,0.0,0.0,101498.92,1,0,0
2023-03-01,CASH,0.4286,0.008276,0.0,0.0,101498.92,0,1,0
2023-03-02,SHORT,0.2857,0.020674,-0.020699,-2100.9,99398.02,0,1,0
2023-03-03,LONG,0.7143,0.001135,0.00111,110.29,99508.3,1,1,1
2023-03-06,CASH,0.4286,-0.012266,0.0,0.0,99508.3,0,0,1
2023-03-07,CASH,0.4286,0.004994,0.0,0.0,99508.3,0,1,0
2023-03-08,SHORT,0.1429,-0.017326,0.017301,1721.58,101229.89,0,0,1
2023-03-09,CASH,0.5714,-0.014044,0.0,0.0,101229.89,1,0,0
2023-03-10,CASH,0.4286,0.007416,0.0,0.0,101229.89,0,1,0
2023-03-13,CASH,0.5714,0.02298,0.0,0.0,101229.89,1,1,1
2023-03-14,LONG,0.7143,0.005246,0.005221,528.52,101758.41,1,1,1
2023-03-15,CASH,0.5714,0.026361,0.0,0.0,101758.41,1,1,1
2023-03-16,LONG,0.7143,-0.004726,-0.004751,-483.46,101274.95,1,0,0
2023-03-17,CASH,0.5714,0.001998,0.0,0.0,101274.95,1,1,1
2023-03-20,CASH,0.4286,0.014282,0.0,0.0,101274.95,0,1,0
2023-03-21,CASH,0.5714,-0.013598,0.0,0.0,101274.95,1,0,0
2023-03-22,SHORT,0.2857,0.011858,-0.011883,-1203.46,100071.48,0,1,0
2023-03-23,CASH,0.5714,0.00368,0.0,0.0,100071.48,1,1,1
2023-03-24,SHORT,0.2857,-0.006851,0.006826,683.12,100754.6,0,0,1
2023-03-27,CASH,0.5714,-0.005312,0.0,0.0,100754.6,1,0,0
2023-03-28,CASH,0.5714,0.018234,0.0,0.0,100754.6,1,1,1
2023-03-29,CASH,0.5714,0.009465,0.0,0.0,100754.6,1,1,1
2023-03-30,LONG,0.7143,0.016631,0.016606,1673.11,102427.71,1,1,1
2023-03-31,CASH,0.5714,-0.00243,0.0,0.0,102427.71,1,0,0
2023-04-03,CASH,0.5714,-0.003373,0.0,0.0,102427.71,1,0,0
2023-04-04,LONG,0.7143,-0.009872,-0.009897,-1013.77,101413.94,1,0,0
2023-04-05,LONG,0.7143,0.006742,0.006717,681.21,102095.15,1,1,1
2023-04-06,SHORT,0.2857,-0.000566,0.000541,55.23,102150.38,0,0,1
2023-04-10,CASH,0.4286,-0.006418,0.0,0.0,102150.38,0,0,1
2023-04-11,SHORT,0.2857,-0.008834,0.008809,899.82,103050.2,0,0,1
2023-04-12,CASH,0.4286,0.019582,0.0,0.0,103050.2,0,1,0
2023-04-13,LONG,1.0,-0.00188,-0.001905,-196.3,102853.9,1,0,0
2023-04-14,CASH,0.4286,0.000848,0.0,0.0,102853.9,0,1,0
2023-04-17,CASH,0.5714,6.3e-05,0.0,0.0,102853.9,1,1,1
2023-04-18,LONG,0.7143,-0.00047,-0.000495,-50.95,102802.94,1,0,0
2023-04-19,CASH,0.4286,-0.007624,0.0,0.0,102802.94,0,0,1
2023-04-20,CASH,0.5714,0.001043,0.0,0.0,102802.94,1,1,1
2023-04-21,SHORT,0.2857,-0.002084,0.002059,211.72,103014.67,0,0,1
2023-04-24,LONG,0.7143,-0.018864,-0.018889,-1945.82,101068.84,1,0,0
2023-04-25,CASH,0.5714,0.006065,0.0,0.0,101068.84,1,1,1
2023-04-26,CASH,0.5714,0.027191,0.0,0.0,101068.84,1,1,1
2023-04-27,LONG,0.8571,0.006899,0.006874,694.71,101763.56,1,1,1
2023-04-28,LONG,0.7143,-0.001147,-0.001172,-119.27,101644.28,1,0,0
2023-05-01,LONG,0.8571,-0.008722,-0.008747,-889.04,100755.25,1,0,0
2023-05-02,CASH,0.4286,-0.006544,0.0,0.0,100755.25,0,0,1
2023-05-03,CASH,0.4286,-0.00353,0.0,0.0,100755.25,0,0,1
2023-05-04,CASH,0.4286,0.021254,0.0,0.0,100755.25,0,1,0
2023-05-05,LONG,0.7143,0.002478,0.002453,247.11,101002.36,1,1,1
2023-05-08,LONG,0.8571,-0.006333,-0.006358,-642.19,100360.17,1,0,0
2023-05-09,CASH,0.5714,0.010882,0.0,0.0,100360.17,1,1,1
2023-05-10,LONG,1.0,0.00326,0.003235,324.68,100684.84,1,1,1
2023-05-11,LONG,0.8571,-0.003587,-0.003612,-363.65,100321.19,1,0,0
2023-05-12,CASH,0.5714,0.005415,0.0,0.0,100321.19,1,1,1
2023-05-15,CASH,0.5714,0.001132,0.0,0.0,100321.19,1,1,1
2023-05-16,LONG,0.7143,0.012104,0.012079,1211.79,101532.98,1,1,1
2023-05-17,LONG,0.7143,0.018573,0.018548,1883.27,103416.25,1,1,1
2023-05-18,LONG,0.7143,-0.002253,-0.002278,-235.62,103180.63,1,0,0
2023-05-19,LONG,0.7143,0.003358,0.003333,343.9,103524.54,1,1,1
2023-05-22,CASH,0.5714,-0.012676,0.0,0.0,103524.54,1,0,0
2023-05-23,LONG,0.7143,-0.00513,-0.005155,-533.62,102990.91,1,0,0
2023-05-24,CASH,0.4286,0.024333,0.0,0.0,102990.91,0,1,0
2023-05-25,LONG,0.7143,0.02555,0.025525,2628.89,105619.8,1,1,1
2023-05-26,CASH,0.4286,0.004535,0.0,0.0,105619.8,0,1,0
2023-05-30,CASH,0.5714,-0.005686,0.0,0.0,105619.8,1,0,0
2023-05-31,CASH,0.4286,0.011552,0.0,0.0,105619.8,0,1,0
2023-06-01,LONG,0.8571,0.0075,0.007475,789.48,106409.28,1,1,1
2023-06-02,CASH,0.5714,0.000705,0.0,0.0,106409.28,1,1,1
2023-06-05,CASH,0.4286,-0.000169,0.0,0.0,106409.28,0,0,1
2023-06-06,CASH,0.4286,-0.016965,0.0,0.0,106409.28,0,0,1
2023-06-07,LONG,0.7143,0.012413,0.012388,1318.22,107727.5,1,1,1
2023-06-08,CASH,0.5714,0.003823,0.0,0.0,107727.5,1,1,1
2023-06-09,CASH,0.4286,0.016897,0.0,0.0,107727.5,0,1,0
2023-06-12,CASH,0.4286,0.007684,0.0,0.0,107727.5,0,1,0
2023-06-13,LONG,0.7143,0.007267,0.007242,780.21,108507.72,1,1,1
2023-06-14,LONG,0.7143,0.011916,0.011891,1290.25,109797.97,1,1,1
2023-06-15,LONG,0.8571,-0.006293,-0.006318,-693.69,109104.27,1,0,0
2023-06-16,CASH,0.5714,-0.002799,0.0,0.0,109104.27,1,0,0
2023-06-20,CASH,0.4286,-0.013628,0.0,0.0,109104.27,0,0,1
2023-06-21,CASH,0.4286,0.011799,0.0,0.0,109104.27,0,1,0
2023-06-22,LONG,0.7143,-0.009913,-0.009938,-1084.33,108019.95,1,0,0
2023-06-23,LONG,0.8571,-0.013405,-0.01343,-1450.76,106569.19,1,0,0
2023-06-26,LONG,0.8571,0.017194,0.017169,1829.7,108398.89,1,1,1
2023-06-27,LONG,0.7143,0.001952,0.001927,208.83,108607.72,1,1,1
2023-06-28,CASH,0.5714,-0.002003,0.0,0.0,108607.72,1,0,0
2023-06-29,CASH,0.4286,0.01542,0.0,0.0,108607.72,0,1,0
2023-06-30,CASH,0.4286,0.002355,0.0,0.0,108607.72,0,1,0
2023-07-03,CASH,0.4286,-2.7e-05,0.0,0.0,108607.72,0,0,1
2023-07-05,LONG,0.7143,-0.007616,-0.007641,-829.86,107777.86,1,0,0
2023-07-06,LONG,0.7143,-0.00332,-0.003345,-360.53,107417.34,1,0,0
2023-07-07,SHORT,0.1429,0.000328,-0.000353,-37.88,107379.46,0,1,0
2023-07-10,CASH,0.5714,0.004941,0.0,0.0,107379.46,1,1,1
2023-07-11,LONG,0.7143,0.01263,0.012605,1353.52,108732.98,1,1,1
2023-07-12,LONG,0.8571,0.016979,0.016954,1843.42,110576.4,1,1,1
2023-07-13,LONG,0.8571,-0.000211,-0.000236,-26.09,110550.31,1,0,0
2023-07-14,LONG,0.7143,0.009339,0.009314,1029.62,111579.93,1,1,1
2023-07-17,CASH,0.5714,0.008181,0.0,0.0,111579.93,1,1,1
2023-07-18,LONG,0.8571,-0.000233,-0.000258,-28.82,111551.11,1,0,0
2023-07-19,LONG,0.7143,-0.023052,-0.023077,-2574.26,108976.85,1,0,0
2023-07-20,LONG,0.8571,-0.002999,-0.003024,-329.58,108647.27,1,0,0
2023-07-21,SHORT,0.2857,0.001597,-0.001622,-176.26,108471.01,0,1,0
2023-07-24,CASH,0.5714,0.006778,0.0,0.0,108471.01,1,1,1
2023-07-25,LONG,0.7143,-0.003326,-0.003351,-363.54,108107.47,1,0,0
2023-07-26,CASH,0.5714,-0.002384,0.0,0.0,108107.47,1,0,0
2023-07-27,CASH,0.5714,0.018215,0.0,0.0,108107.47,1,1,1
2023-07-28,CASH,0.5714,0.000521,0.0,0.0,108107.47,1,1,1
2023-07-31,SHORT,0.1429,-0.00232,0.002295,248.06,108355.53,0,0,1
2023-08-01,CASH,0.4286,-0.021944,0.0,0.0,108355.53,0,0,1
2023-08-02,CASH,0.5714,-0.001603,0.0,0.0,108355.53,1,0,0
2023-08-03,CASH,0.5714,-0.004682,0.0,0.0,108355.53,1,0,0
2023-08-04,CASH,0.5714,0.008467,0.0,0.0,108355.53,1,1,1
2023-08-07,CASH,0.4286,-0.008502,0.0,0.0,108355.53,0,0,1
2023-08-08,CASH,0.5714,-0.010995,0.0,0.0,108355.53,1,0,0
2023-08-09,SHORT,0.2857,0.001848,-0.001873,-202.98,108152.56,0,1,0
2023-08-10,LONG,0.7143,-0.006376,-0.006401,-692.25,107460.31,1,0,0
2023-08-11,CASH,0.5714,0.011222,0.0,0.0,107460.31,1,1,1
2023-08-14,SHORT,0.2857,-0.010612,0.010587,1137.64,108597.94,0,0,1
2023-08-15,CASH,0.5714,-0.010589,0.0,0.0,108597.94,1,0,0
2023-08-16,SHORT,0.2857,-0.010923,0.010898,1183.5,109781.44,0,0,1
2023-08-17,CASH,0.4286,-0.001255,0.0,0.0,109781.44,0,0,1
2023-08-18,LONG,0.7143,0.016111,0.016086,1765.99,111547.43,1,1,1
2023-08-21,CASH,0.4286,-0.001429,0.0,0.0,111547.43,0,0,1
2023-08-22,CASH,0.5714,0.015769,0.0,0.0,111547.43,1,1,1
2023-08-23,SHORT,0.2857,-0.021376,0.021351,2381.62,113929.05,0,0,1
2023-08-24,CASH,0.5714,0.007751,0.0,0.0,113929.05,1,1,1
2023-08-25,SHORT,0.2857,0.007527,-0.007552,-860.41,113068.64,0,1,0
2023-08-28,SHORT,0.2857,0.02184,-0.021865,-2472.23,110596.42,0,1,0
2023-08-29,LONG,0.7143,0.005577,0.005552,614.0,111210.42,1,1,1
2023-08-30,LONG,0.8571,0.002998,0.002973,330.68,111541.1,1,1,1
2023-08-31,CASH,0.4286,-0.001058,0.0,0.0,111541.1,0,0,1
2023-09-01,CASH,0.4286,0.001271,0.0,0.0,111541.1,0,1,0
2023-09-05,SHORT,0.2857,-0.008808,0.008783,979.66,112520.76,0,0,1
2023-09-06,LONG,0.7143,-0.007152,-0.007177,-807.52,111713.24,1,0,0
2023-09-07,LONG,0.7143,0.001398,0.001373,153.34,111866.58,1,1,1
2023-09-08,LONG,0.7143,0.011783,0.011758,1315.3,113181.88,1,1,1
2023-09-11,CASH,0.4286,-0.011088,0.0,0.0,113181.88,0,0,1
2023-09-12,CASH,0.5714,0.003809,0.0,0.0,113181.88,1,1,1
2023-09-13,CASH,0.5714,0.008177,0.0,0.0,113181.88,1,1,1
2023-09-14,CASH,0.4286,-0.017123,0.0,0.0,113181.88,0,0,1
2023-09-15,LONG,0.8571,-0.000405,-0.00043,-48.61,113133.27,1,0,0
2023-09-18,CASH,0.5714,-0.002131,0.0,0.0,113133.27,1,0,0
2023-09-19,SHORT,0.2857,-0.01441,0.014385,1627.47,114760.74,0,0,1
2023-09-20,CASH,0.5714,-0.018325,0.0,0.0,114760.74,1,0,0
2023-09-21,CASH,0.5714,0.00014,0.0,0.0,114760.74,1,1,1
2023-09-22,CASH,0.4286,0.00475,0.0,0.0,114760.74,0,1,0
2023-09-25,SHORT,0.2857,-0.015016,0.014991,1720.41,116481.14,0,0,1
2023-09-26,CASH,0.4286,0.002343,0.0,0.0,116481.14,0,1,0
2023-09-27,CASH,0.5714,0.008365,0.0,0.0,116481.14,1,1,1
2023-09-28,LONG,0.7143,0.000726,0.000701,81.67,116562.82,1,1,1
2023-09-29,LONG,1.0,0.008346,0.008321,969.89,117532.7,1,1,1
2023-10-02,LONG,0.8571,-0.01755,-0.017575,-2065.6,115467.11,1,0,0
2023-10-03,CASH,0.4286,0.013609,0.0,0.0,115467.11,0,1,0
2023-10-04,LONG,0.7143,-0.002946,-0.002971,-343.11,115124.0,1,0,0
2023-10-05,SHORT,0.2857,0.016755,-0.01678,-1931.83,113192.17,0,1,0
2023-10-06,LONG,0.7143,0.0051,0.005075,574.45,113766.62,1,1,1
2023-10-09,CASH,0.5714,0.005538,0.0,0.0,113766.62,1,1,1
2023-10-10,SHORT,0.2857,0.007135,-0.00716,-814.6,112952.02,0,1,0
2023-10-11,LONG,0.8571,-0.003475,-0.0035,-395.34,112556.68,1,0,0
2023-10-12,SHORT,0.2857,-0.01257,0.012545,1412.02,113968.69,0,0,1
2023-10-13,CASH,0.5714,0.011306,0.0,0.0,113968.69,1,1,1
2023-10-16,SHORT,0.2857,-0.003275,0.00325,370.45,114339.15,0,0,1
2023-10-17,LONG,0.8571,-0.013118,-0.013143,-1502.75,112836.4,1,0,0
2023-10-18,CASH,0.4286,-0.009357,0.0,0.0,112836.4,0,0,1
2023-10-19,SHORT,0.2857,-0.014918,0.014893,1680.46,114516.86,0,0,1
2023-10-20,CASH,0.5714,0.003018,0.0,0.0,114516.86,1,1,1
2023-10-23,CASH,0.5714,0.009728,0.0,0.0,114516.86,1,1,1
2023-10-24,CASH,0.5714,-0.024476,0.0,0.0,114516.86,1,0,0
2023-10-25,SHORT,0.2857,-0.019067,0.019042,2180.65,116697.51,0,0,1
2023-10-26,CASH,0.5714,0.004801,0.0,0.0,116697.51,1,1,1
2023-10-27,LONG,0.7143,0.011265,0.01124,1311.71,118009.22,1,1,1
2023-10-30,CASH,0.4286,0.004782,0.0,0.0,118009.22,0,1,0
2023-10-31,CASH,0.4286,0.017357,0.0,0.0,118009.22,0,1,0
2023-11-01,CASH,0.5714,0.018153,0.0,0.0,118009.22,1,1,1
2023-11-02,LONG,0.7143,0.011749,0.011724,1383.52,119392.74,1,1,1
2023-11-03,LONG,0.7143,0.004079,0.004054,484.05,119876.79,1,1,1
2023-11-06,CASH,0.5714,0.009453,0.0,0.0,119876.79,1,1,1
2023-11-07,LONG,0.7143,0.000644,0.000619,74.19,119950.99,1,1,1
2023-11-08,LONG,0.7143,-0.007696,-0.007721,-926.09,119024.89,1,0,0
2023-11-09,CASH,0.4286,0.022482,0.0,0.0,119024.89,0,1,0
2023-11-10,CASH,0.4286,-0.003119,0.0,0.0,119024.89,0,0,1
2023-11-13,CASH,0.4286,0.021526,0.0,0.0,119024.89,0,1,0
2023-11-14,CASH,0.4286,0.000753,0.0,0.0,119024.89,0,1,0
2023-11-15,CASH,0.4286,0.000856,0.0,0.0,119024.89,0,1,0
2023-11-16,CASH,0.4286,0.000233,0.0,0.0,119024.89,0,1,0
2023-11-17,LONG,0.7143,0.012175,0.01215,1446.14,120471.03,1,1,1
2023-11-20,CASH,0.5714,-0.005809,0.0,0.0,120471.03,1,0,0
2023-11-21,CASH,0.4286,0.004093,0.0,0.0,120471.03,0,1,0
2023-11-22,SHORT,0.2857,-0.00141,0.001385,166.85,120637.88,0,0,1
2023-11-24,CASH,0.5714,-0.000873,0.0,0.0,120637.88,1,0,0
2023-11-27,CASH,0.4286,0.002621,0.0,0.0,120637.88,0,1,0
2023-11-28,CASH,0.5714,-0.000974,0.0,0.0,120637.88,1,0,0
2023-11-29,LONG,0.7143,-0.002514,-0.002539,-306.31,120331.57,1,0,0
2023-11-30,CASH,0.4286,0.002855,0.0,0.0,120331.57,0,1,0
2023-12-01,LONG,0.7143,-0.009283,-0.009308,-1120.1,119211.47,1,0,0
2023-12-04,CASH,0.4286,0.002511,0.0,0.0,119211.47,0,1,0
2023-12-05,CASH,0.5714,-0.005784,0.0,0.0,119211.47,1,0,0
2023-12-06,CASH,0.4286,0.013972,0.0,0.0,119211.47,0,1,0
2023-12-07,LONG,0.7143,0.004457,0.004432,528.31,119739.78,1,1,1
2023-12-08,LONG,1.0,0.008542,0.008517,1019.84,120759.62,1,1,1
2023-12-11,CASH,0.5714,0.007964,0.0,0.0,120759.62,1,1,1
2023-12-12,LONG,0.7143,0.012717,0.012692,1532.71,122292.33,1,1,1
2023-12-13,LONG,0.7143,-0.000867,-0.000892,-109.06,122183.26,1,0,0
2023-12-14,CASH,0.4286,0.004834,0.0,0.0,122183.26,0,1,0
2023-12-15,SHORT,0.1429,0.004293,-0.004318,-527.55,121655.72,0,1,0
2023-12-18,CASH,0.5714,0.00511,0.0,0.0,121655.72,1,1,1
2023-12-19,LONG,0.8571,-0.01486,-0.014885,-1810.82,119844.9,1,0,0
2023-12-20,CASH,0.5714,0.011635,0.0,0.0,119844.9,1,1,1
2023-12-21,LONG,0.7143,0.001496,0.001471,176.29,120021.19,1,1,1
2023-12-22,SHORT,0.2857,0.006122,-0.006147,-737.74,119283.45,0,1,0
2023-12-26,LONG,0.7143,0.001509,0.001484,177.01,119460.46,1,1,1
2023-12-27,CASH,0.5714,-0.000486,0.0,0.0,119460.46,1,0,0
2023-12-28,LONG,0.7143,-0.004328,-0.004353,-519.98,118940.48,1,0,0
2023-12-29,SHORT,0.2857,-0.016922,0.016897,2009.77,120950.24,0,0,1
2024-01-02,CASH,0.4286,-0.010582,0.0,0.0,120950.24,0,0,1
2024-01-03,LONG,0.7143,-0.005146,-0.005171,-625.49,120324.76,1,0,0
2024-01-04,LONG,0.7143,0.001186,0.001161,139.7,120464.46,1,1,1
2024-01-05,LONG,0.8571,0.020668,0.020643,2486.74,122951.2,1,1,1
2024-01-08,CASH,0.5714,0.001976,0.0,0.0,122951.2,1,1,1
2024-01-09,CASH,0.5714,0.006778,0.0,0.0,122951.2,1,1,1
2024-01-10,CASH,0.5714,0.002081,0.0,0.0,122951.2,1,1,1
2024-01-11,CASH,0.5714,0.000513,0.0,0.0,122951.2,1,1,1
2024-01-12,SHORT,0.2857,-9.8e-05,7.3e-05,8.94,122960.14,0,0,1
2024-01-16,CASH,0.4286,-0.005641,0.0,0.0,122960.14,0,0,1
2024-01-17,CASH,0.4286,0.014194,0.0,0.0,122960.14,0,1,0
2024-01-18,CASH,0.5714,0.019831,0.0,0.0,122960.14,1,1,1
2024-01-19,LONG,0.8571,0.001306,0.001281,157.5,123117.64,1,1,1
2024-01-22,CASH,0.4286,0.00415,0.0,0.0,123117.64,0,1,0
2024-01-23,CASH,0.4286,0.005549,0.0,0.0,123117.64,0,1,0
2024-01-24,SHORT,0.2857,0.001221,-0.001246,-153.43,122964.21,0,1,0
2024-01-25,CASH,0.4286,-0.005958,0.0,0.0,122964.21,0,0,1
2024-01-26,CASH,0.5714,0.01024,0.0,0.0,122964.21,1,1,1
2024-01-29,LONG,0.8571,-0.006657,-0.006682,-821.59,122142.62,1,0,0
2024-01-30,LONG,0.7143,-0.019586,-0.019611,-2395.36,119747.26,1,0,0
2024-01-31,SHORT,0.2857,0.011775,-0.0118,-1413.07,118334.19,0,1,0
2024-02-01,LONG,0.7143,0.016901,0.016876,1996.95,120331.14,1,1,1
2024-02-02,CASH,0.5714,-0.001305,0.0,0.0,120331.14,1,0,0
2024-02-05,SHORT,0.2857,-0.002007,0.001982,238.53,120569.67,0,0,1
2024-02-06,CASH,0.4286,0.01029,0.0,0.0,120569.67,0,1,0
2024-02-07,LONG,0.7143,0.001852,0.001827,220.27,120789.95,1,1,1
2024-02-08,CASH,0.5714,0.009843,0.0,0.0,120789.95,1,1,1
2024-02-09,LONG,0.8571,-0.003913,-0.003938,-475.62,120314.33,1,0,0
2024-02-12,CASH,0.5714,-0.015597,0.0,0.0,120314.33,1,0,0
2024-02-13,CASH,0.4286,0.010897,0.0,0.0,120314.33,0,1,0
2024-02-14,LONG,0.7143,0.002978,0.002953,355.25,120669.58,1,1,1
2024-02-15,LONG,0.8571,-0.009068,-0.009093,-1097.21,119572.37,1,0,0
2024-02-16,CASH,0.5714,-0.007548,0.0,0.0,119572.37,1,0,0
2024-02-20,CASH,0.5714,-0.004002,0.0,0.0,119572.37,1,0,0
2024-02-21,CASH,0.5714,0.029276,0.0,0.0,119572.37,1,1,1
2024-02-22,LONG,0.7143,-0.002945,-0.00297,-355.1,119217.27,1,0,0
2024-02-23,CASH,0.5714,-0.000527,0.0,0.0,119217.27,1,0,0
2024-02-26,CASH,0.4286,0.002405,0.0,0.0,119217.27,0,1,0
2024-02-27,CASH,0.5714,-0.005325,0.0,0.0,119217.27,1,0,0
2024-02-28,SHORT,0.0,0.008569,-0.008594,-1024.6,118192.67,0,1,0
2024-02-29,CASH,0.5714,0.015057,0.0,0.0,118192.67,1,1,1
2024-03-01,CASH,0.5714,-0.003568,0.0,0.0,118192.67,1,0,0
2024-03-04,CASH,0.4286,-0.01795,0.0,0.0,118192.67,0,0,1
2024-03-05,LONG,0.7143,0.006284,0.006259,739.74,118932.4,1,1,1
2024-03-06,CASH,0.5714,0.015178,0.0,0.0,118932.4,1,1,1
2024-03-07,CASH,0.5714,-0.014435,0.0,0.0,118932.4,1,0,0
2024-03-08,CASH,0.4286,-0.003713,0.0,0.0,118932.4,0,0,1
2024-03-11,CASH,0.5714,0.014335,0.0,0.0,118932.4,1,1,1
2024-03-12,LONG,0.7143,-0.007686,-0.007711,-917.1,118015.31,1,0,0
2024-03-13,SHORT,0.2857,-0.002521,0.002496,294.6,118309.9,0,0,1
2024-03-14,CASH,0.4286,-0.011887,0.0,0.0,118309.9,0,0,1
2024-03-15,SHORT,0.2857,0.008204,-0.008229,-973.6,117336.3,0,1,0
2024-03-18,LONG,0.7143,0.002492,0.002467,289.41,117625.71,1,1,1
2024-03-19,LONG,0.7143,0.011857,0.011832,1391.71,119017.42,1,1,1
2024-03-20,LONG,0.7143,0.004732,0.004707,560.24,119577.66,1,1,1
2024-03-21,CASH,0.4286,0.001144,0.0,0.0,119577.66,0,1,0
2024-03-22,CASH,0.4286,-0.003629,0.0,0.0,119577.66,0,0,1
2024-03-25,CASH,0.4286,-0.003238,0.0,0.0,119577.66,0,0,1
2024-03-26,SHORT,0.2857,0.003406,-0.003431,-410.28,119167.38,0,1,0
2024-03-27,CASH,0.5714,-0.001843,0.0,0.0,119167.38,1,0,0
2024-03-28,CASH,0.5714,0.002117,0.0,0.0,119167.38,1,1,1
2024-04-01,CASH,0.5714,-0.00863,0.0,0.0,119167.38,1,0,0
2024-04-02,SHORT,0.2857,0.002244,-0.002269,-270.44,118896.94,0,1,0
2024-04-03,CASH,0.4286,-0.015291,0.0,0.0,118896.94,0,0,1
2024-04-04,LONG,0.7143,0.011784,0.011759,1398.1,120295.04,1,1,1
2024-04-05,CASH,0.5714,0.000295,0.0,0.0,120295.04,1,1,1
2024-04-08,CASH,0.4286,0.0037,0.0,0.0,120295.04,0,1,0
2024-04-09,SHORT,0.1429,-0.008729,0.008704,1046.99,121342.03,0,0,1
2024-04-10,SHORT,0.2857,0.015968,-0.015993,-1940.65,119401.38,0,1,0
2024-04-11,LONG,0.7143,-0.015942,-0.015967,-1906.46,117494.92,1,0,0
2024-04-12,SHORT,0.2857,-0.016451,0.016426,1929.97,119424.89,0,0,1
2024-04-15,LONG,0.8571,9.3e-05,6.8e-05,8.1,119432.99,1,1,1
2024-04-16,LONG,0.7143,-0.012201,-0.012226,-1460.23,117972.76,1,0,0
2024-04-17,SHORT,0.2857,-0.005706,0.005681,670.24,118643.01,0,0,1
2024-04-18,LONG,0.7143,-0.020689,-0.020714,-2457.59,116185.41,1,0,0
2024-04-19,LONG,0.7143,0.010057,0.010032,1165.54,117350.95,1,1,1
2024-04-22,LONG,0.7143,0.014923,0.014898,1748.28,119099.23,1,1,1
2024-04-23,SHORT,0.1429,0.003388,-0.003413,-406.45,118692.78,0,1,0
2024-04-24,CASH,0.4286,-0.00483,0.0,0.0,118692.78,0,0,1
2024-04-25,CASH,0.5714,0.015432,0.0,0.0,118692.78,1,1,1
2024-04-26,CASH,0.4286,0.00406,0.0,0.0,118692.78,0,1,0
2024-04-29,CASH,0.5714,-0.018856,0.0,0.0,118692.78,1,0,0
2024-04-30,SHORT,0.2857,-0.007231,0.007206,855.24,119548.03,0,0,1
2024-05-01,CASH,0.4286,0.012763,0.0,0.0,119548.03,0,1,0
2024-05-02,LONG,0.8571,0.020098,0.020073,2399.74,121947.76,1,1,1
2024-05-03,LONG,0.7143,0.010953,0.010928,1332.69,123280.46,1,1,1
2024-05-06,LONG,0.7143,0.000159,0.000134,16.52,123296.98,1,1,1
2024-05-07,SHORT,0.2857,-0.000591,0.000566,69.72,123366.71,0,0,1
2024-05-08,SHORT,0.1429,0.002182,-0.002207,-272.21,123094.5,0,1,0
2024-05-09,CASH,0.5714,0.002358,0.0,0.0,123094.5,1,1,1
2024-05-10,CASH,0.5714,0.002307,0.0,0.0,123094.5,1,1,1
2024-05-13,CASH,0.5714,0.006432,0.0,0.0,123094.5,1,1,1
2024-05-14,LONG,0.8571,0.01563,0.015605,1920.92,125015.42,1,1,1
2024-05-15,CASH,0.4286,-0.002031,0.0,0.0,125015.42,0,0,1
2024-05-16,CASH,0.4286,-0.000487,0.0,0.0,125015.42,0,0,1
2024-05-17,CASH,0.5714,0.006973,0.0,0.0,125015.42,1,1,1
2024-05-20,LONG,0.7143,0.001956,0.001931,241.45,125256.87,1,1,1
2024-05-21,LONG,0.7143,-0.000197,-0.000222,-27.86,125229.01,1,0,0
2024-05-22,LONG,0.8571,-0.004498,-0.004523,-566.47,124662.54,1,0,0
2024-05-23,CASH,0.4286,0.009456,0.0,0.0,124662.54,0,1,0
2024-05-24,CASH,0.4286,0.003778,0.0,0.0,124662.54,0,1,0
2024-05-28,LONG,0.7143,-0.007048,-0.007073,-881.78,123780.76,1,0,0
2024-05-29,LONG,0.7143,-0.010713,-0.010738,-1329.2,122451.55,1,0,0
2024-05-30,CASH,0.5714,-0.00186,0.0,0.0,122451.55,1,0,0
2024-05-31,CASH,0.4286,0.005369,0.0,0.0,122451.55,0,1,0
2024-06-03,CASH,0.4286,0.002736,0.0,0.0,122451.55,0,1,0
2024-06-04,CASH,0.4286,0.02016,0.0,0.0,122451.55,0,1,0
2024-06-05,CASH,0.5714,-0.000345,0.0,0.0,122451.55,1,0,0
2024-06-06,LONG,0.7143,-0.000885,-0.00091,-111.41,122340.14,1,0,0
2024-06-07,LONG,0.7143,0.004039,0.004014,491.1,122831.24,1,1,1
2024-06-10,LONG,0.7143,0.006863,0.006838,839.89,123671.13,1,1,1
2024-06-11,LONG,0.8571,0.013098,0.013073,1616.72,125287.85,1,1,1
2024-06-12,CASH,0.5714,0.00542,0.0,0.0,125287.85,1,1,1
2024-06-13,CASH,0.5714,0.005181,0.0,0.0,125287.85,1,1,1
2024-06-14,LONG,0.7143,0.01225,0.012225,1531.62,126819.47,1,1,1
2024-06-17,CASH,0.5714,0.000309,0.0,0.0,126819.47,1,1,1
2024-06-18,LONG,1.0,-0.007708,-0.007733,-980.69,125838.78,1,0,0
2024-06-20,SHORT,0.1429,-0.002679,0.002654,334.02,126172.8,0,0,1
2024-06-21,CASH,0.5714,-0.012953,0.0,0.0,126172.8,1,0,0
2024-06-24,CASH,0.4286,0.011436,0.0,0.0,126172.8,0,1,0
2024-06-25,CASH,0.5714,0.002065,0.0,0.0,126172.8,1,1,1
2024-06-26,CASH,0.5714,0.002581,0.0,0.0,126172.8,1,1,1
2024-06-27,CASH,0.5714,-0.005191,0.0,0.0,126172.8,1,0,0
2024-06-28,CASH,0.4286,0.005865,0.0,0.0,126172.8,0,1,0
2024-07-01,CASH,0.5714,0.0105,0.0,0.0,126172.8,1,1,1
2024-07-02,LONG,0.7143,0.008337,0.008312,1048.76,127221.56,1,1,1
2024-07-03,LONG,1.0,0.010427,0.010402,1323.34,128544.89,1,1,1
2024-07-05,CASH,0.5714,0.002378,0.0,0.0,128544.89,1,1,1
2024-07-08,LONG,0.7143,0.000865,0.00084,107.92,128652.82,1,1,1
2024-07-09,CASH,0.5714,0.010427,0.0,0.0,128652.82,1,1,1
2024-07-10,LONG,0.7143,-0.02193,-0.021955,-2824.59,125828.22,1,0,0
2024-07-11,CASH,0.5714,0.005875,0.0,0.0,125828.22,1,1,1
2024-07-12,CASH,0.4286,0.002688,0.0,0.0,125828.22,0,1,0
2024-07-15,CASH,0.5714,0.000383,0.0,0.0,125828.22,1,1,1
2024-07-16,LONG,0.7143,-0.029355,-0.02938,-3696.82,122131.4,1,0,0
2024-07-17,SHORT,0.2857,-0.004733,0.004708,574.94,122706.34,0,0,1
2024-07-18,CASH,0.5714,-0.008864,0.0,0.0,122706.34,1,0,0
2024-07-19,CASH,0.4286,0.014898,0.0,0.0,122706.34,0,1,0
2024-07-22,CASH,0.4286,-0.003525,0.0,0.0,122706.34,0,0,1
2024-07-23,LONG,0.7143,-0.03587,-0.035895,-4404.58,118301.76,1,0,0
2024-07-24,SHORT,0.2857,-0.011028,0.011003,1301.64,119603.4,0,0,1
2024-07-25,CASH,0.5714,0.010256,0.0,0.0,119603.4,1,1,1
2024-07-26,LONG,0.7143,0.002009,0.001984,237.26,119840.66,1,1,1
2024-07-29,LONG,0.7143,-0.013731,-0.013756,-1648.58,118192.09,1,0,0
2024-07-30,CASH,0.5714,0.029594,0.0,0.0,118192.09,1,1,1
2024-07-31,CASH,0.5714,-0.024221,0.0,0.0,118192.09,1,0,0
2024-08-01,CASH,0.4286,-0.023735,0.0,0.0,118192.09,0,0,1
2024-08-02,CASH,0.4286,-0.029816,0.0,0.0,118192.09,0,0,1
2024-08-05,CASH,0.4286,0.009555,0.0,0.0,118192.09,0,1,0
2024-08-06,LONG,0.7143,-0.01083,-0.010855,-1282.95,116909.14,1,0,0
2024-08-07,CASH,0.5714,0.030591,0.0,0.0,116909.14,1,1,1
2024-08-08,CASH,0.5714,0.005222,0.0,0.0,116909.14,1,1,1
2024-08-09,CASH,0.5714,0.002154,0.0,0.0,116909.14,1,1,1
2024-08-12,SHORT,0.1429,0.024813,-0.024838,-2903.76,114005.38,0,1,0
2024-08-13,CASH,0.5714,0.000324,0.0,0.0,114005.38,1,1,1
2024-08-14,CASH,0.5714,0.025263,0.0,0.0,114005.38,1,1,1
2024-08-15,LONG,0.7143,0.001286,0.001261,143.73,114149.11,1,1,1
2024-08-16,CASH,0.5714,0.013136,0.0,0.0,114149.11,1,1,1
2024-08-19,SHORT,0.2857,-0.002099,0.002074,236.7,114385.81,0,0,1
2024-08-20,CASH,0.4286,0.004664,0.0,0.0,114385.81,0,1,0
2024-08-21,CASH,0.5714,-0.015855,0.0,0.0,114385.81,1,0,0
2024-08-22,CASH,0.4286,0.010846,0.0,0.0,114385.81,0,1,0
2024-08-23,CASH,0.5714,-0.009708,0.0,0.0,114385.81,1,0,0
2024-08-26,SHORT,0.2857,0.002987,-0.003012,-344.57,114041.24,0,1,0
2024-08-27,SHORT,0.2857,-0.011347,0.011322,1291.22,115332.46,0,0,1
2024-08-28,CASH,0.5714,-0.001464,0.0,0.0,115332.46,1,0,0
2024-08-29,LONG,0.8571,0.011919,0.011894,1371.81,116704.27,1,1,1
2024-08-30,CASH,0.5714,-0.030361,0.0,0.0,116704.27,1,0,0
2024-09-03,SHORT,0.2857,-0.002598,0.002573,300.34,117004.61,0,0,1
2024-09-04,CASH,0.4286,0.000934,0.0,0.0,117004.61,0,1,0
2024-09-05,CASH,0.4286,-0.026787,0.0,0.0,117004.61,0,0,1
2024-09-06,CASH,0.4286,0.01286,0.0,0.0,117004.61,0,1,0
2024-09-09,SHORT,0.2857,0.009242,-0.009267,-1084.25,115920.36,0,1,0
2024-09-10,CASH,0.5714,0.021715,0.0,0.0,115920.36,1,1,1
2024-09-11,LONG,0.8571,0.009816,0.009791,1134.98,117055.34,1,1,1
2024-09-12,CASH,0.5714,0.00448,0.0,0.0,117055.34,1,1,1
2024-09-13,LONG,0.8571,-0.004418,-0.004443,-520.07,116535.27,1,0,0
2024-09-16,CASH,0.4286,0.000528,0.0,0.0,116535.27,0,1,0
2024-09-17,CASH,0.4286,-0.00433,0.0,0.0,116535.27,0,0,1
2024-09-18,SHORT,0.2857,0.025284,-0.025309,-2949.41,113585.86,0,1,0
2024-09-19,LONG,0.7143,-0.001903,-0.001928,-219.03,113366.83,1,0,0
2024-09-20,CASH,0.4286,0.001244,0.0,0.0,113366.83,0,1,0
2024-09-23,CASH,0.4286,0.004824,0.0,0.0,113366.83,0,1,0
2024-09-24,LONG,0.8571,0.000927,0.000902,102.27,113469.11,1,1,1
2024-09-25,CASH,0.5714,0.007513,0.0,0.0,113469.11,1,1,1
2024-09-26,LONG,0.7143,-0.005557,-0.005582,-633.39,112835.72,1,0,0
2024-09-27,CASH,0.5714,0.002712,0.0,0.0,112835.72,1,1,1
2024-09-30,CASH,0.4286,-0.013932,0.0,0.0,112835.72,0,0,1
2024-10-01,CASH,0.4286,0.001413,0.0,0.0,112835.72,0,1,0
2024-10-02,LONG,0.7143,-0.000747,-0.000772,-87.11,112748.61,1,0,0
2024-10-03,CASH,0.5714,0.011898,0.0,0.0,112748.61,1,1,1
2024-10-04,LONG,0.7143,-0.010712,-0.010737,-1210.54,111538.07,1,0,0
2024-10-07,CASH,0.5714,0.014935,0.0,0.0,111538.07,1,1,1
2024-10-08,CASH,0.5714,0.007868,0.0,0.0,111538.07,1,1,1
2024-10-09,LONG,0.7143,-0.001136,-0.001161,-129.45,111408.62,1,0,0
2024-10-10,SHORT,0.1429,0.001563,-0.001588,-176.93,111231.69,0,1,0
2024-10-11,LONG,0.7143,0.008391,0.008366,930.62,112162.3,1,1,1
2024-10-14,LONG,0.7143,-0.013367,-0.013392,-1502.06,110660.25,1,0,0
2024-10-15,LONG,0.7143,0.000122,9.7e-05,10.76,110671.01,1,1,1
2024-10-16,LONG,0.7143,0.000693,0.000668,73.88,110744.89,1,1,1
2024-10-17,LONG,0.8571,0.006555,0.00653,723.13,111468.02,1,1,1
2024-10-18,CASH,0.4286,0.001921,0.0,0.0,111468.02,0,1,0
2024-10-21,CASH,0.4286,0.00109,0.0,0.0,111468.02,0,1,0
2024-10-22,CASH,0.4286,-0.015324,0.0,0.0,111468.02,0,0,1
2024-10-23,CASH,0.5714,0.008109,0.0,0.0,111468.02,1,1,1
2024-10-24,LONG,0.7143,0.006094,0.006069,676.45,112144.47,1,1,1
2024-10-25,LONG,0.8571,0.000161,0.000136,15.31,112159.78,1,1,1
2024-10-28,LONG,1.0,0.009608,0.009583,1074.87,113234.65,1,1,1
2024-10-29,CASH,0.4286,-0.007558,0.0,0.0,113234.65,0,0,1
2024-10-30,LONG,0.8571,-0.025243,-0.025268,-2861.19,110373.47,1,0,0
2024-10-31,LONG,0.7143,0.007399,0.007374,813.89,111187.36,1,1,1
2024-11-01,SHORT,0.2857,-0.002913,0.002888,321.13,111508.49,0,0,1
2024-11-04,CASH,0.4286,0.012757,0.0,0.0,111508.49,0,1,0
2024-11-05,LONG,1.0,0.027163,0.027138,3026.14,114534.63,1,1,1
2024-11-06,CASH,0.4286,0.015744,0.0,0.0,114534.63,0,1,0
2024-11-07,SHORT,0.2857,0.001168,-0.001193,-136.69,114397.94,0,1,0
2024-11-08,SHORT,0.2857,-0.000583,0.000558,63.89,114461.83,0,0,1
2024-11-11,SHORT,0.1429,-0.00181,0.001785,204.32,114666.14,0,0,1
2024-11-12,SHORT,0.2857,-0.001287,0.001262,144.68,114810.82,0,0,1
2024-11-13,CASH,0.5714,-0.00695,0.0,0.0,114810.82,1,0,0
2024-11-14,CASH,0.5714,-0.023826,0.0,0.0,114810.82,1,0,0
2024-11-15,CASH,0.4286,0.006948,0.0,0.0,114810.82,0,1,0
2024-11-18,CASH,0.4286,0.00688,0.0,0.0,114810.82,0,1,0
2024-11-19,LONG,0.8571,-0.000576,-0.000601,-69.0,114741.82,1,0,0
2024-11-20,LONG,0.7143,0.003597,0.003572,409.88,115151.7,1,1,1
2024-11-21,LONG,0.8571,0.001604,0.001579,181.83,115333.53,1,1,1
2024-11-22,CASH,0.5714,0.001582,0.0,0.0,115333.53,1,1,1
2024-11-25,CASH,0.5714,0.005369,0.0,0.0,115333.53,1,1,1
2024-11-26,CASH,0.5714,-0.007873,0.0,0.0,115333.53,1,0,0
2024-11-27,CASH,0.4286,0.008787,0.0,0.0,115333.53,0,1,0
2024-11-29,CASH,0.5714,0.010888,0.0,0.0,115333.53,1,1,1
2024-12-02,SHORT,0.2857,0.003066,-0.003091,-356.53,114977.0,0,1,0
2024-12-03,LONG,0.7143,0.012363,0.012338,1418.58,116395.58,1,1,1
2024-12-04,CASH,0.5714,-0.002771,0.0,0.0,116395.58,1,0,0
2024-12-05,CASH,0.4286,0.00895,0.0,0.0,116395.58,0,1,0
2024-12-06,CASH,0.4286,-0.007788,0.0,0.0,116395.58,0,0,1
2024-12-09,CASH,0.4286,-0.003408,0.0,0.0,116395.58,0,0,1
2024-12-10,SHORT,0.2857,0.017902,-0.017927,-2086.67,114308.9,0,1,0
2024-12-11,CASH,0.5714,-0.006454,0.0,0.0,114308.9,1,0,0
2024-12-12,CASH,0.5714,0.007654,0.0,0.0,114308.9,1,1,1
2024-12-13,CASH,0.4286,0.014401,0.0,0.0,114308.9,0,1,0
2024-12-16,SHORT,0.1429,-0.004404,0.004379,500.54,114809.44,0,0,1
2024-12-17,SHORT,0.1429,-0.036077,0.036052,4139.1,118948.54,0,0,1
2024-12-18,CASH,0.4286,-0.004453,0.0,0.0,118948.54,0,0,1
2024-12-19,LONG,0.7143,0.008733,0.008708,1035.74,119984.28,1,1,1
2024-12-20,SHORT,0.2857,0.008117,-0.008142,-976.93,119007.36,0,1,0
2024-12-23,LONG,0.7143,0.01356,0.013535,1610.74,120618.1,1,1,1
2024-12-24,CASH,0.5714,-0.000679,0.0,0.0,120618.1,1,0,0
2024-12-26,CASH,0.4286,-0.013293,0.0,0.0,120618.1,0,0,1
2024-12-27,SHORT,0.2857,-0.0133,0.013275,1601.2,122219.3,0,0,1
2024-12-30,SHORT,0.1429,-0.008495,0.00847,1035.17,123254.47,0,0,1
2024-12-31,LONG,0.7143,-0.001956,-0.001981,-244.18,123010.29,1,0,0
2025-01-02,LONG,0.7143,0.016365,0.01634,2010.01,125020.3,1,1,1
2025-01-03,CASH,0.4286,0.011493,0.0,0.0,125020.3,0,1,0
2025-01-06,CASH,0.4286,-0.017844,0.0,0.0,125020.3,0,0,1
2025-01-07,CASH,0.4286,0.000175,0.0,0.0,125020.3,0,1,0
2025-01-08,CASH,0.5714,-0.015681,0.0,0.0,125020.3,1,0,0
2025-01-10,CASH,0.4286,-0.003214,0.0,0.0,125020.3,0,0,1
2025-01-13,SHORT,0.2857,-0.000949,0.000924,115.58,125135.88,0,0,1
2025-01-14,CASH,0.5714,0.023006,0.0,0.0,125135.88,1,1,1
2025-01-15,LONG,1.0,-0.007006,-0.007031,-879.83,124256.05,1,0,0
2025-01-16,LONG,0.8571,0.016878,0.016853,2094.14,126350.19,1,1,1
2025-01-17,LONG,0.7143,0.005865,0.00584,737.88,127088.07,1,1,1
2025-01-21,CASH,0.4286,0.012786,0.0,0.0,127088.07,0,1,0
2025-01-22,CASH,0.4286,0.002126,0.0,0.0,127088.07,0,1,0
2025-01-23,CASH,0.5714,-0.005651,0.0,0.0,127088.07,1,0,0
2025-01-24,CASH,0.4286,-0.029115,0.0,0.0,127088.07,0,0,1
2025-01-27,LONG,0.7143,0.01478,0.014755,1875.17,128963.24,1,1,1
2025-01-28,CASH,0.5714,-0.001878,0.0,0.0,128963.24,1,0,0
2025-01-29,LONG,0.7143,0.004262,0.004237,546.47,129509.71,1,1,1
2025-01-30,LONG,0.7143,-0.001453,-0.001478,-191.42,129318.29,1,0,0
2025-01-31,LONG,0.8571,-0.008003,-0.008028,-1038.19,128280.09,1,0,0
2025-02-03,CASH,0.5714,0.012275,0.0,0.0,128280.09,1,1,1
2025-02-04,CASH,0.4286,0.004538,0.0,0.0,128280.09,0,1,0
2025-02-05,LONG,0.7143,0.00522,0.005195,666.38,128946.47,1,1,1
2025-02-06,SHORT,0.2857,-0.012613,0.012588,1623.21,130569.69,0,0,1
2025-02-07,CASH,0.5714,0.012105,0.0,0.0,130569.69,1,1,1
2025-02-10,SHORT,0.1429,-0.002381,0.002356,307.59,130877.27,0,0,1
2025-02-11,CASH,0.4286,0.000587,0.0,0.0,130877.27,0,1,0
2025-02-12,CASH,0.5714,0.014386,0.0,0.0,130877.27,1,1,1
2025-02-13,LONG,0.8571,0.004199,0.004174,546.22,131423.5,1,1,1
2025-02-14,CASH,0.5714,0.002267,0.0,0.0,131423.5,1,1,1
2025-02-18,LONG,0.8571,0.000278,0.000253,33.27,131456.77,1,1,1
2025-02-19,LONG,0.7143,-0.004245,-0.00427,-561.27,130895.5,1,0,0
2025-02-20,CASH,0.4286,-0.020755,0.0,0.0,130895.5,0,0,1
2025-02-21,CASH,0.4286,-0.011804,0.0,0.0,130895.5,0,0,1
2025-02-24,LONG,0.7143,-0.012599,-0.012624,-1652.46,129243.04,1,0,0
2025-02-25,CASH,0.4286,0.002416,0.0,0.0,129243.04,0,1,0
2025-02-26,LONG,0.7143,-0.027771,-0.027796,-3592.48,125650.56,1,0,0
2025-02-27,LONG,0.7143,0.015792,0.015767,1981.07,127631.63,1,1,1
2025-02-28,CASH,0.4286,-0.021882,0.0,0.0,127631.63,0,0,1
2025-03-03,CASH,0.5714,-0.003018,0.0,0.0,127631.63,1,0,0
2025-03-04,LONG,0.7143,0.013036,0.013011,1660.62,129292.25,1,1,1
2025-03-05,CASH,0.4286,-0.027509,0.0,0.0,129292.25,0,0,1
2025-03-06,SHORT,0.2857,0.007354,-0.007379,-953.99,128338.27,0,1,0
2025-03-07,SHORT,0.1429,-0.038756,0.038731,4970.72,133308.98,0,0,1
2025-03-10,LONG,0.7143,-0.00239,-0.002415,-321.99,132986.99,1,0,0
2025-03-11,LONG,0.8571,0.011281,0.011256,1496.87,134483.86,1,1,1
2025-03-12,CASH,0.5714,-0.01799,0.0,0.0,134483.86,1,0,0
2025-03-13,LONG,0.7143,0.02417,0.024145,3247.18,137731.04,1,1,1
2025-03-14,SHORT,0.2857,0.006484,-0.006509,-896.45,136834.59,0,1,0
2025-03-17,LONG,0.7143,-0.017047,-0.017072,-2336.1,134498.49,1,0,0
2025-03-18,CASH,0.4286,0.013381,0.0,0.0,134498.49,0,1,0
2025-03-19,CASH,0.4286,-0.00339,0.0,0.0,134498.49,0,0,1
2025-03-20,CASH,0.5714,0.003297,0.0,0.0,134498.49,1,1,1
2025-03-21,LONG,0.7143,0.020423,0.020398,2743.45,137241.94,1,1,1
2025-03-24,LONG,0.7143,0.005707,0.005682,779.75,138021.69,1,1,1
2025-03-25,LONG,0.8571,-0.018401,-0.018426,-2543.14,135478.55,1,0,0
2025-03-26,CASH,0.5714,-0.005698,0.0,0.0,135478.55,1,0,0
2025-03-27,LONG,0.7143,-0.026328,-0.026353,-3570.24,131908.31,1,0,0
2025-03-28,CASH,0.5714,-4.3e-05,0.0,0.0,131908.31,1,0,0
2025-03-31,LONG,0.7143,0.008061,0.008036,1060.02,132968.33,1,1,1
2025-04-01,CASH,0.5714,0.007298,0.0,0.0,132968.33,1,1,1
2025-04-02,LONG,0.7143,-0.053534,-0.053559,-7121.59,125846.75,1,0,0
2025-04-03,CASH,0.5714,-0.062109,0.0,0.0,125846.75,1,0,0
2025-04-04,CASH,0.5714,0.002413,0.0,0.0,125846.75,1,1,1
2025-04-07,CASH,0.5714,-0.018008,0.0,0.0,125846.75,1,0,0
2025-04-08,CASH,0.5714,0.120031,0.0,0.0,125846.75,1,1,1
2025-04-09,CASH,0.4286,-0.042532,0.0,0.0,125846.75,0,0,1
2025-04-10,CASH,0.4286,0.018423,0.0,0.0,125846.75,0,1,0
2025-04-11,LONG,0.7143,0.006778,0.006753,849.87,126696.61,1,1,1
2025-04-14,CASH,0.4286,0.001115,0.0,0.0,126696.61,0,1,0
2025-04-15,CASH,0.5714,-0.030153,0.0,0.0,126696.61,1,0,0
2025-04-16,CASH,0.5714,-0.00018,0.0,0.0,126696.61,1,0,0
2025-04-17,CASH,0.5714,-0.024747,0.0,0.0,126696.61,1,0,0
2025-04-21,CASH,0.4286,0.026252,0.0,0.0,126696.61,0,1,0
2025-04-22,LONG,0.7143,0.022678,0.022653,2870.08,129566.69,1,1,1
2025-04-23,LONG,0.7143,0.028137,0.028112,3642.39,133209.09,1,1,1
2025-04-24,CASH,0.4286,0.011148,0.0,0.0,133209.09,0,1,0
2025-04-25,CASH,0.4286,-0.000317,0.0,0.0,133209.09,0,0,1
2025-04-28,SHORT,0.2857,0.006604,-0.006629,-883.1,132325.99,0,1,0
2025-04-29,CASH,0.5714,-0.000126,0.0,0.0,132325.99,1,0,0
2025-04-30,CASH,0.4286,0.013061,0.0,0.0,132325.99,0,1,0
2025-05-01,SHORT,0.2857,0.014844,-0.014869,-1967.54,130358.45,0,1,0
2025-05-02,CASH,0.5714,-0.005933,0.0,0.0,130358.45,1,0,0
2025-05-05,CASH,0.5714,-0.009302,0.0,0.0,130358.45,1,0,0
2025-05-06,CASH,0.5714,0.003926,0.0,0.0,130358.45,1,1,1
2025-05-07,CASH,0.5714,0.010325,0.0,0.0,130358.45,1,1,1
2025-05-08,LONG,0.7143,-0.000655,-0.00068,-88.69,130269.76,1,0,0
2025-05-09,LONG,0.7143,0.04074,0.040715,5303.96,135573.72,1,1,1
2025-05-12,SHORT,0.2857,0.015241,-0.015266,-2069.64,133504.08,0,1,0
2025-05-13,SHORT,0.2857,0.005993,-0.006018,-803.44,132700.65,0,1,0
2025-05-14,CASH,0.4286,0.001099,0.0,0.0,132700.65,0,1,0
2025-05-15,CASH,0.4286,0.004352,0.0,0.0,132700.65,0,1,0
2025-05-16,CASH,0.4286,0.000959,0.0,0.0,132700.65,0,1,0
2025-05-19,CASH,0.5714,-0.003333,0.0,0.0,132700.65,1,0,0
2025-05-20,CASH,0.5714,-0.013897,0.0,0.0,132700.65,1,0,0
2025-05-21,CASH,0.4286,0.001871,0.0,0.0,132700.65,0,1,0
2025-05-22,CASH,0.5714,-0.009261,0.0,0.0,132700.65,1,0,0
2025-05-23,LONG,0.8571,0.023525,0.0235,3118.49,135819.14,1,1,1
2025-05-27,SHORT,0.2857,-0.004432,0.004407,598.54,136417.68,0,0,1
2025-05-28,CASH,0.4286,0.001966,0.0,0.0,136417.68,0,1,0
2025-05-29,CASH,0.5714,-0.001577,0.0,0.0,136417.68,1,0,0
2025-05-30,SHORT,0.1429,0.007898,-0.007923,-1080.87,135336.82,0,1,0
2025-06-02,CASH,0.4286,0.007817,0.0,0.0,135336.82,0,1,0
2025-06-03,LONG,0.7143,0.002788,0.002763,373.91,135710.73,1,1,1
2025-06-04,LONG,0.7143,-0.007527,-0.007552,-1024.88,134685.85,1,0,0
2025-06-05,CASH,0.5714,0.009775,0.0,0.0,134685.85,1,1,1
2025-06-06,CASH,0.5714,0.001472,0.0,0.0,134685.85,1,1,1
2025-06-09,CASH,0.4286,0.006614,0.0,0.0,134685.85,0,1,0
2025-06-10,LONG,0.7143,-0.00337,-0.003395,-457.2,134228.65,1,0,0
2025-06-11,CASH,0.5714,0.002348,0.0,0.0,134228.65,1,1,1
2025-06-12,CASH,0.5714,-0.012555,0.0,0.0,134228.65,1,0,0
2025-06-13,CASH,0.4286,0.01391,0.0,0.0,134228.65,0,1,0
2025-06-16,CASH,0.5714,-0.009751,0.0,0.0,134228.65,1,0,0
2025-06-17,LONG,0.7143,-0.00017,-0.000195,-26.2,134202.46,1,0,0
2025-06-18,CASH,0.4286,-0.004083,0.0,0.0,134202.46,0,0,1
2025-06-20,LONG,0.8571,0.009149,0.009124,1224.47,135426.93,1,1,1
2025-06-23,LONG,0.8571,0.015292,0.015267,2067.57,137494.49,1,1,1
2025-06-24,CASH,0.4286,0.002556,0.0,0.0,137494.49,0,1,0
2025-06-25,SHORT,0.2857,0.00935,-0.009375,-1289.05,136205.45,0,1,0
2025-06-26,LONG,0.7143,0.003424,0.003399,462.91,136668.36,1,1,1
2025-06-27,CASH,0.5714,0.006477,0.0,0.0,136668.36,1,1,1
2025-06-30,LONG,0.8571,-0.008429,-0.008454,-1155.46,135512.9,1,0,0
2025-07-01,SHORT,0.1429,0.006965,-0.00699,-947.29,134565.61,0,1,0
2025-07-02,CASH,0.5714,0.00984,0.0,0.0,134565.61,1,1,1
2025-07-03,CASH,0.5714,-0.007533,0.0,0.0,134565.61,1,0,0
2025-07-07,CASH,0.5714,0.000562,0.0,0.0,134565.61,1,1,1
2025-07-08,LONG,0.7143,0.007079,0.007054,949.22,135514.83,1,1,1
2025-07-09,CASH,0.5714,-0.001438,0.0,0.0,135514.83,1,0,0
2025-07-10,CASH,0.5714,-0.00225,0.0,0.0,135514.83,1,0,0
2025-07-11,CASH,0.5714,0.003627,0.0,0.0,135514.83,1,1,1
2025-07-14,CASH,0.4286,0.000917,0.0,0.0,135514.83,0,1,0
2025-07-15,CASH,0.5714,0.001024,0.0,0.0,135514.83,1,1,1
2025-07-16,SHORT,0.2857,0.008093,-0.008118,-1100.08,134414.75,0,1,0
2025-07-17,LONG,0.8571,-0.000961,-0.000986,-132.55,134282.2,1,0,0
2025-07-18,CASH,0.5714,0.005185,0.0,0.0,134282.2,1,1,1
2025-07-21,CASH,0.4286,-0.005176,0.0,0.0,134282.2,0,0,1
2025-07-22,CASH,0.4286,0.004561,0.0,0.0,134282.2,0,1,0
2025-07-23,LONG,0.7143,0.002128,0.002103,282.45,134564.65,1,1,1
2025-07-24,CASH,0.5714,0.002407,0.0,0.0,134564.65,1,1,1
2025-07-25,CASH,0.4286,0.003125,0.0,0.0,134564.65,0,1,0
2025-07-28,CASH,0.5714,-0.001549,0.0,0.0,134564.65,1,0,0
2025-07-29,LONG,0.7143,0.00134,0.001315,176.92,134741.57,1,1,1
2025-07-30,LONG,0.7143,-0.005299,-0.005324,-717.38,134024.19,1,0,0
2025-07-31,LONG,0.8571,-0.019699,-0.019724,-2643.46,131380.73,1,0,0
2025-08-01,CASH,0.5714,0.018452,0.0,0.0,131380.73,1,1,1
2025-08-04,LONG,0.7143,-0.006789,-0.006814,-895.29,130485.43,1,0,0
2025-08-05,LONG,0.8571,0.012583,0.012558,1638.66,132124.1,1,1,1
2025-08-06,LONG,0.7143,0.003384,0.003359,443.84,132567.94,1,1,1
2025-08-07,SHORT,0.2857,0.009328,-0.009353,-1239.94,131328.0,0,1,0
2025-08-08,LONG,0.8571,-0.002959,-0.002984,-391.86,130936.14,1,0,0
2025-08-11,CASH,0.5714,0.012569,0.0,0.0,130936.14,1,1,1
2025-08-12,LONG,0.7143,0.0005,0.000475,62.2,130998.34,1,1,1
2025-08-13,CASH,0.5714,-0.000775,0.0,0.0,130998.34,1,0,0
2025-08-14,CASH,0.4286,-0.004397,0.0,0.0,130998.34,0,0,1
2025-08-15,LONG,0.7143,-0.000398,-0.000423,-55.47,130942.87,1,0,0
2025-08-18,CASH,0.5714,-0.013568,0.0,0.0,130942.87,1,0,0
2025-08-19,LONG,0.7143,-0.005937,-0.005962,-780.72,130162.14,1,0,0
2025-08-20,CASH,0.5714,-0.00463,0.0,0.0,130162.14,1,0,0
2025-08-21,CASH,0.5714,0.015427,0.0,0.0,130162.14,1,1,1
2025-08-22,LONG,0.7143,-0.002885,-0.00291,-378.73,129783.41,1,0,0
2025-08-25,LONG,0.7143,0.004015,0.00399,517.87,130301.28,1,1,1
2025-08-26,LONG,0.7143,0.001537,0.001512,196.99,130498.27,1,1,1
2025-08-27,LONG,0.8571,0.00626,0.006235,813.65,131311.92,1,1,1
2025-08-28,LONG,0.7143,-0.011576,-0.011601,-1523.28,129788.64,1,0,0
2025-08-29,CASH,0.5714,-0.00838,0.0,0.0,129788.64,1,0,0
2025-09-02,CASH,0.5714,0.007867,0.0,0.0,129788.64,1,1,1
2025-09-03,CASH,0.5714,0.009051,0.0,0.0,129788.64,1,1,1
2025-09-04,CASH,0.5714,0.001443,0.0,0.0,129788.64,1,1,1
2025-09-05,CASH,0.5714,0.004878,0.0,0.0,129788.64,1,1,1
2025-09-08,CASH,0.5714,0.002833,0.0,0.0,129788.64,1,1,1
2025-09-09,LONG,0.7143,0.000327,0.000302,39.24,129827.87,1,1,1
2025-09-10,LONG,0.7143,0.005821,0.005796,752.43,130580.3,1,1,1
2025-09-11,LONG,0.7143,0.004417,0.004392,573.53,131153.82,1,1,1
2025-09-12,CASH,0.4286,0.008557,0.0,0.0,131153.82,0,1,0
2025-09-15,CASH,0.4286,-0.000845,0.0,0.0,131153.82,0,0,1
2025-09-16,CASH,0.5714,-0.001996,0.0,0.0,131153.82,1,0,0
2025-09-17,CASH,0.5714,0.009017,0.0,0.0,131153.82,1,1,1
2025-09-18,SHORT,0.2857,0.006769,-0.006794,-891.11,130262.71,0,1,0
2025-09-19,CASH,0.4286,0.004755,0.0,0.0,130262.71,0,1,0
2025-09-22,LONG,0.7143,-0.006642,-0.006667,-868.5,129394.21,1,0,0
2025-09-23,CASH,0.5714,-0.003511,0.0,0.0,129394.21,1,0,0
2025-09-24,CASH,0.4286,-0.004311,0.0,0.0,129394.21,0,0,1
2025-09-25,LONG,0.7143,0.004111,0.004086,528.69,129922.9,1,1,1
2025-09-26,LONG,0.7143,0.004631,0.004606,598.44,130521.34,1,1,1
2025-09-29,LONG,0.7143,0.002739,0.002714,354.26,130875.6,1,1,1
2025-09-30,CASH,0.5714,0.004797,0.0,0.0,130875.6,1,1,1
2025-10-01,CASH,0.5714,0.004111,0.0,0.0,130875.6,1,1,1
2025-10-02,CASH,0.5714,-0.00421,0.0,0.0,130875.6,1,0,0
2025-10-03,CASH,0.4286,0.00751,0.0,0.0,130875.6,0,1,0
2025-10-06,CASH,0.4286,-0.005266,0.0,0.0,130875.6,0,0,1
2025-10-07,LONG,0.8571,0.011464,0.011439,1497.06,132372.66,1,1,1
2025-10-08,LONG,1.0,-0.00121,-0.001235,-163.51,132209.15,1,0,0
2025-10-09,SHORT,0.2857,-0.034714,0.034689,4586.24,136795.39,0,0,1
2025-10-10,CASH,0.5714,0.021221,0.0,0.0,136795.39,1,1,1
2025-10-13,CASH,0.5714,-0.006661,0.0,0.0,136795.39,1,0,0
2025-10-14,LONG,0.7143,0.007057,0.007032,961.92,137757.31,1,1,1
2025-10-15,LONG,0.7143,-0.003703,-0.003728,-513.55,137243.76,1,0,0
2025-10-16,LONG,0.7143,0.006567,0.006542,897.82,138141.57,1,1,1
2025-10-17,CASH,0.5714,0.012601,0.0,0.0,138141.57,1,1,1
2025-10-20,CASH,0.5714,-0.000262,0.0,0.0,138141.57,1,0,0
2025-10-21,SHORT,0.2857,-0.009634,0.009609,1327.4,139468.97,0,0,1
2025-10-22,CASH,0.5714,0.008406,0.0,0.0,139468.97,1,1,1
2025-10-23,CASH,0.5714,0.010678,0.0,0.0,139468.97,1,1,1
2025-10-24,CASH,0.5714,0.017809,0.0,0.0,139468.97,1,1,1
2025-10-27,SHORT,0.0,0.00769,-0.007715,-1075.99,138392.98,0,1,0
2025-10-28,SHORT,0.2857,0.004503,-0.004528,-626.64,137766.34,0,1,0
2025-10-29,CASH,0.4286,-0.015289,0.0,0.0,137766.34,0,0,1
2025-10-30,CASH,0.4286,0.004824,0.0,0.0,137766.34,0,1,0
2025-10-31,CASH,0.4286,0.004785,0.0,0.0,137766.34,0,1,0
2025-11-03,CASH,0.5714,-0.020298,0.0,0.0,137766.34,1,0,0
2025-11-04,SHORT,0.2857,0.006508,-0.006533,-900.02,136866.32,0,1,0
2025-11-05,LONG,0.7143,-0.018627,-0.018652,-2552.88,134313.44,1,0,0
2025-11-06,CASH,0.5714,-0.003155,0.0,0.0,134313.44,1,0,0
2025-11-07,CASH,0.4286,0.022124,0.0,0.0,134313.44,0,1,0
2025-11-10,CASH,0.4286,-0.002664,0.0,0.0,134313.44,0,0,1
2025-11-11,LONG,0.7143,-0.000788,-0.000813,-109.24,134204.21,1,0,0
2025-11-12,CASH,0.5714,-0.020416,0.0,0.0,134204.21,1,0,0
2025-11-13,SHORT,0.1429,0.000756,-0.000781,-104.82,134099.39,0,1,0
2025-11-14,CASH,0.5714,-0.008541,0.0,0.0,134099.39,1,0,0
2025-11-17,CASH,0.4286,-0.012176,0.0,0.0,134099.39,0,0,1
2025-11-18,LONG,0.7143,0.00597,0.005945,797.23,134896.62,1,1,1
2025-11-19,CASH,0.5714,-0.023672,0.0,0.0,134896.62,1,0,0
2025-11-20,LONG,0.7143,0.007513,0.007488,1010.08,135906.7,1,1,1
2025-11-21,CASH,0.4286,0.025573,0.0,0.0,135906.7,0,1,0
2025-11-24,LONG,0.7143,0.006164,0.006139,834.29,136740.99,1,1,1
2025-11-25,LONG,0.7143,0.008836,0.008811,1204.79,137945.78,1,1,1
2025-11-26,CASH,0.4286,0.008107,0.0,0.0,137945.78,0,1,0
2025-11-28,LONG,0.7143,-0.003359,-0.003384,-466.8,137478.98,1,0,0
2025-12-01,CASH,0.4286,0.007826,0.0,0.0,137478.98,0,1,0
2025-12-02,CASH,0.4286,0.002444,0.0,0.0,137478.98,0,1,0
2025-12-03,LONG,0.7143,-0.00093,-0.000955,-131.32,137347.66,1,0,0
2025-12-04,LONG,0.7143,0.004077,0.004052,556.59,137904.25,1,1,1
2025-12-05,CASH,0.5714,-0.001918,0.0,0.0,137904.25,1,0,0
2025-12-08,LONG,0.7143,0.001233,0.001208,166.64,138070.89,1,1,1
2025-12-09,LONG,0.7143,0.004096,0.004071,562.04,138632.93,1,1,1
2025-12-10,LONG,0.8571,-0.003234,-0.003259,-451.87,138181.06,1,0,0
2025-12-11,SHORT,0.2857,-0.019118,0.019093,2638.33,140819.39,0,0,1
2025-12-12,SHORT,0.2857,-0.005019,0.004994,703.31,141522.7,0,0,1
2025-12-15,CASH,0.5714,0.001982,0.0,0.0,141522.7,1,1,1
2025-12-16,SHORT,0.2857,-0.018537,0.018512,2619.87,144142.58,0,0,1
2025-12-17,CASH,0.5714,0.01449,0.0,0.0,144142.58,1,1,1
2025-12-18,CASH,0.4286,0.013035,0.0,0.0,144142.58,0,1,0
2025-12-19,LONG,0.7143,0.003501,0.003476,500.98,144643.55,1,1,1
2025-12-22,LONG,0.7143,0.004683,0.004658,673.8,145317.35,1,1,1
2025-12-23,LONG,0.7143,0.002926,0.002901,421.5,145738.85,1,1,1
2025-12-24,SHORT,0.2857,-6.4e-05,3.9e-05,5.69,145744.55,0,0,1
2025-12-26,SHORT,0.2857,-0.004841,0.004816,701.85,146446.4,0,0,1
2025-12-29,LONG,0.7143,-0.002319,-0.002344,-343.32,146103.08,1,0,0
2025-12-30,LONG,0.8571,-0.008266,-0.008291,-1211.29,144891.79,1,0,0
2025-12-31,LONG,0.7143,-0.001937,-0.001962,-284.3,144607.49,1,0,0
