date,prediction,actual,prob_up,correct,actual_return
2020-01-02,0,0,0.4674015434959983,1,-0.0091599322390053
2020-01-03,1,1,0.6610118417730044,1,0.0064432016528335
2020-01-06,1,0,0.6868822587405898,0,-0.0001391667268351
2020-01-07,1,1,0.6553866549319547,1,0.0075163324194438
2020-01-08,1,1,0.6838074643903902,1,0.0084734591222546
2020-01-09,1,0,0.6299250495098977,0,-0.0025572528578264
2020-01-10,1,1,0.8099425012781526,1,0.0115368967493461
2020-01-13,0,0,0.3712683892800543,1,-0.0039375203856251
2020-01-14,1,1,0.7164829109259508,1,0.0004089255595323
2020-01-15,1,1,0.8369057084734155,1,0.0095835065081504
2020-01-16,0,1,0.3448191140872749,0,0.0049487408203912
2020-01-17,1,0,0.6704662957219942,0,-0.0004476949652144
2020-01-21,1,1,0.7246449084416847,1,0.0026424056839673
2020-01-22,1,1,0.6959345020291431,1,0.0032161577540852
2020-01-23,1,0,0.7815062461670506,0,-0.0084153320293259
2020-01-24,1,0,0.6240129450715275,0,-0.0206555496531761
2020-01-27,0,1,0.41967113114908894,0,0.0153598842318996
2020-01-28,1,1,0.7163448640339521,1,0.0016256519092914
2020-01-29,1,1,0.6871543404645541,1,0.0035616453433899
2020-01-30,1,0,0.6127742174927246,0,-0.0158580354110829
2020-01-31,1,1,0.6326291372081101,1,0.0151093141367135
2020-02-03,1,1,0.6689032661822782,1,0.0228887320178488
2020-02-04,1,1,0.6994999923191065,1,0.003297138066449
2020-02-05,1,1,0.8880802430143704,1,0.008632027036044
2020-02-06,0,0,0.46394095925897705,1,-0.0043008188134324
2020-02-07,1,1,0.5948107019840473,1,0.0120855336358771
2020-02-10,0,1,0.2673081071483025,0,0.0001724071471413
2020-02-11,1,1,0.6262682502749786,1,0.0097410017634318
2020-02-12,1,0,0.587682432074733,0,-0.0012805867003309
2020-02-13,1,1,0.6033556753413588,1,0.0028636071524115
2020-02-14,1,1,0.5287160226953048,1,0.0003835507079981
2020-02-18,1,1,0.7518444953626783,1,0.0095854813656268
2020-02-19,1,0,0.5358371490508228,0,-0.0092834711279662
2020-02-20,1,0,0.5114870664547002,0,-0.0192094494006517
2020-02-21,1,0,0.5175968230062776,0,-0.0385634460331422
2020-02-24,1,0,0.5272053670523925,0,-0.0271918527894553
2020-02-25,1,1,0.5136593676593765,1,0.0051539241097515
2020-02-26,1,0,0.5763375578309666,0,-0.0500738939016507
2020-02-27,1,1,0.5745323994168172,1,0.0007780765540958
2020-02-28,1,1,0.5949261180445689,1,0.0516034740510504
2020-03-02,0,0,0.4335251567804242,1,-0.0320672881439942
2020-03-03,1,1,0.5856839076482273,1,0.0417223872036536
2020-03-04,0,0,0.4863532557626851,1,-0.0303822053236404
2020-03-05,1,0,0.6143270410286263,0,-0.0168722157342863
2020-03-06,0,0,0.3664653168991925,1,-0.069464458472541
2020-03-09,1,1,0.5990563055670675,1,0.0544505496064735
2020-03-10,0,0,0.29866123687794344,1,-0.0435549427419755
2020-03-11,1,0,0.6049812483417197,0,-0.0916913932207581
2020-03-12,1,1,0.6061904094476366,1,0.0847055515072745
2020-03-13,0,0,0.19357588057567615,1,-0.119787843011381
2020-03-16,1,1,0.6840023890424203,1,0.0758416781242776
2020-03-17,0,0,0.1656560304613802,1,-0.0304161266316972
2020-03-18,1,1,0.579171018785948,1,0.0060022509737198
2020-03-19,0,0,0.34917784251012346,1,-0.0391759910525747
2020-03-20,1,0,0.5911484145777548,0,-0.0014059182112801
2020-03-23,0,1,0.26286209665647525,0,0.0774375010462105
2020-03-24,0,0,0.23227218375328687,1,-0.0074049906524753
2020-03-25,0,1,0.3821389685812189,0,0.0526603987055391
2020-03-26,0,0,0.34729765631248344,1,-0.0343928663608337
2020-03-27,1,1,0.5129317325607305,1,0.0363733951612099
2020-03-30,0,0,0.40529111842445403,1,-0.0085398846437412
2020-03-31,0,0,0.4430148071299348,1,-0.0424894779266066
2020-04-01,1,1,0.5646397090198971,1,0.0202950852821615
2020-04-02,0,0,0.4036183482395784,1,-0.0141927824719734
2020-04-03,1,1,0.5206776744772673,1,0.0714947971830028
2020-04-06,0,0,0.18980828625106427,1,-0.0004071754519252
2020-04-07,1,1,0.570355686974001,1,0.0212322482552225
2020-04-08,0,1,0.44162719333324785,0,0.0014458457174211
2020-04-09,1,1,0.7060454419503821,1,0.0108035356086395
2020-04-13,1,1,0.7524341775074406,1,0.0434911189683517
2020-04-14,1,0,0.6320003592310578,0,-0.0114698759915495
2020-04-15,1,1,0.7914201263941195,1,0.0182400203304811
2020-04-16,1,1,0.6807871655677828,1,0.0095662053277036
2020-04-17,1,0,0.8199404812162452,0,-0.0118444324979826
2020-04-20,1,0,0.8622828063141657,0,-0.0368995294764523
2020-04-21,1,1,0.6984022715449306,1,0.0296744684912222
2020-04-22,1,0,0.5942387063434437,0,-0.0021329902149047
2020-04-23,1,1,0.67255368155398,1,0.0157704351037961
2020-04-24,1,1,0.7092676498151514,1,0.0080434027785207
2020-04-27,1,0,0.7722084545441389,0,-0.0188346520902613
2020-04-28,1,1,0.8067498751123058,1,0.0354609929078013
2020-04-29,0,0,0.4019308858964678,1,-0.0004109421821492
2020-04-30,1,0,0.6746931606551607,0,-0.028185090063169
2020-05-01,1,1,0.8388139909147337,1,0.0116574018214863
2020-05-04,1,1,0.6005382072065015,1,0.011337247595794
2020-05-05,1,1,0.7208379816224637,1,0.0061563737726058
2020-05-06,1,1,0.8055076428949779,1,0.0128767457726883
2020-05-07,1,1,0.6107692182302347,1,0.0137047749786136
2020-05-08,1,1,0.6396176910793612,1,0.0089388708591124
2020-05-11,1,0,0.6549108709199336,0,-0.0209371009927797
2020-05-12,1,0,0.8531102075518453,0,-0.0125157520277728
2020-05-13,1,1,0.6007116387092519,1,0.0113522637673806
2020-05-14,1,1,0.6468416362716811,1,0.0064914683745209
2020-05-15,1,1,0.7713964172572804,1,0.0186320971188043
2020-05-18,1,0,0.729239898935883,0,-0.0025062308569047
2020-05-19,1,1,0.5983742107917921,1,0.0199682569298651
2020-05-20,0,0,0.39242993377456437,1,-0.0108907224992786
2020-05-21,1,1,0.6911561644007356,1,0.0034517785720111
2020-05-22,1,0,0.7208770850405675,0,-0.0026996880871286
2020-05-26,1,1,0.6963015763781353,1,0.0054575621578822
2020-05-27,1,0,0.8347340969221658,0,-0.0013026523154047
2020-05-28,1,1,0.7489118567531023,1,0.0146527894112671
2020-05-29,1,1,0.5418175319361707,1,0.002999644096723
2020-06-01,1,1,0.5412340273522221,1,0.0067077131530166
2020-06-02,1,1,0.5790203408867166,1,0.004498567825099
2020-06-03,1,0,0.803065223147301,0,-0.0070134084455903
2020-06-04,1,1,0.8260869587885896,1,0.0198272717794008
2020-06-05,0,1,0.35222206576817117,0,0.0077600258308907
2020-06-08,0,1,0.49707491673602305,0,0.0072448767455615
2020-06-09,1,1,0.6487687650959238,1,0.0120016363843782
2020-06-10,0,0,0.4517100467584606,1,-0.0495491710168036
2020-06-11,1,1,0.7265924812962129,1,0.0079480410921881
2020-06-12,1,1,0.635782599142285,1,0.0121671827106046
2020-06-15,1,1,0.842523330638862,1,0.0171728004335731
2020-06-16,1,1,0.7166449978332002,1,0.0031706361717926
2020-06-17,1,1,0.8148074806173734,1,0.0027091522672098
2020-06-18,1,0,0.8254019762730446,0,-0.0001637190368947
2020-06-19,1,1,0.902959534365614,1,0.0102358333760763
2020-06-22,1,1,0.6862633788241972,1,0.0085109459267833
2020-06-23,1,0,0.7118433890550785,0,-0.0206156152528536
2020-06-24,1,1,0.8111828558260995,1,0.0095194780744212
2020-06-25,1,0,0.7432322334624873,0,-0.0236149964940074
2020-06-26,1,1,0.8197380671204556,1,0.0109066485050111
2020-06-29,1,1,0.7872202786425163,1,0.0196014241369111
2020-06-30,1,1,0.6765882403175367,1,0.0116720489434893
2020-07-01,1,1,0.6009763321444773,1,0.0067866857397971
2020-07-02,1,1,0.5257707367642455,1,0.0245846867322654
2020-07-06,0,0,0.45798115928229954,1,-0.0068889244783584
2020-07-07,1,1,0.8164168300235128,1,0.0131717589951996
2020-07-08,1,1,0.5994162529606777,1,0.0084234106068161
2020-07-09,1,1,0.5520546509975521,1,0.0068274032913542
2020-07-10,1,0,0.7757328017589722,0,-0.0205704915356699
2020-07-13,1,1,0.6299971511225473,1,0.0070781562303061
2020-07-14,1,1,0.6875540423541441,1,0.0020355601230408
2020-07-15,1,0,0.6826516931688031,0,-0.0068225328514308
2020-07-16,1,1,0.8227271007616028,1,0.0011578354283743
2020-07-17,1,1,0.8151984654405131,1,0.0283709234854878
2020-07-20,1,0,0.5418626696261578,0,-0.0104205667292048
2020-07-21,1,1,0.9332554937247933,1,0.0035226995294743
2020-07-22,1,0,0.7129511767059211,0,-0.0261200434132229
2020-07-23,1,0,0.8147644209241417,0,-0.0094958029312772
2020-07-24,0,1,0.36926861513719034,0,0.0178431585622014
2020-07-27,1,0,0.8169576441058458,0,-0.0127248870549248
2020-07-28,1,1,0.5257094677572253,1,0.0115259977540509
2020-07-29,1,1,0.5198597670560497,1,0.0052354618572549
2020-07-30,1,1,0.8875655925844541,1,0.0178455312486998
2020-07-31,1,1,0.7901451719271421,1,0.0135068897342838
2020-08-03,1,1,0.6401510400585744,1,0.0037122280120049
2020-08-04,1,1,0.6330602698547879,1,0.0024779306829534
2020-08-05,1,1,0.6535761578979526,1,0.0132448884602454
2020-08-06,1,0,0.8139754562337406,0,-0.0115424310320995
2020-08-07,1,0,0.8556059096119556,0,-0.0042730454816123
2020-08-10,1,0,0.9119052555120764,0,-0.0189411977486241
2020-08-11,1,1,0.6520156907571992,1,0.0251517132951872
2020-08-12,1,1,0.6180768408080907,1,0.0022806800124108
2020-08-13,1,0,0.6724290027904912,0,-0.0011744249534503
2020-08-14,0,1,0.4709655272135735,0,0.0116108304658628
2020-08-17,1,1,0.6151183818731178,1,0.0096251410213124
2020-08-18,1,0,0.6719764477591353,0,-0.0067273270819708
2020-08-19,1,1,0.6456593776776609,1,0.0138717366446912
2020-08-20,1,1,0.6671534542013143,1,0.0069303129073889
2020-08-21,1,1,0.7534449399038295,1,0.0062440479515859
2020-08-24,1,1,0.8255946592366752,1,0.0078622868891158
2020-08-25,1,1,0.8418573098284063,1,0.0213391394952098
2020-08-26,1,0,0.58055801675103,0,-0.0031168779584287
2020-08-27,1,1,0.563430659564411,1,0.0050850748957285
2020-08-28,1,1,0.7016662839666464,1,0.0080333849975113
2020-08-31,1,1,0.7166560546232246,1,0.0170917270125683
2020-09-01,1,1,0.587299562977403,1,0.0094691791502434
2020-09-02,1,0,0.6362568261443733,0,-0.0507002431245741
2020-09-03,0,0,0.3803229004901035,1,-0.01332597001163
2020-09-04,0,0,0.09240705587461692,1,-0.0480639502455192
2020-09-08,1,1,0.5881946715044283,1,0.0293757818751256
2020-09-09,0,0,0.37339183722889385,1,-0.0199366937079845
2020-09-10,1,0,0.5035567177634818,0,-0.0069397964172492
2020-09-11,1,1,0.6612788715896347,1,0.0174153863652726
2020-09-14,1,1,0.552855700344484,1,0.0141735493697456
2020-09-15,1,0,0.719526117024996,0,-0.0159464353399373
2020-09-16,1,0,0.691883070597804,0,-0.0156220758755425
2020-09-17,0,0,0.4919754322376653,1,-0.0127626964839985
2020-09-18,0,1,0.4812285778753195,0,0.0023982263279784
2020-09-21,1,1,0.5260638897831027,1,0.0185787486047999
2020-09-22,1,0,0.7027424746046274,0,-0.0305343767937392
2020-09-23,1,1,0.5291769154349354,1,0.0046563104530443
2020-09-24,1,1,0.6029391904779542,1,0.0232487379690211
2020-09-25,1,1,0.5912323231882173,1,0.0207689449813779
2020-09-28,1,0,0.6296635964677338,0,-0.0045093793108004
2020-09-29,1,1,0.8142275416803811,1,0.0068490090496586
2020-09-30,1,1,0.7391635827529452,1,0.0158724579622662
2020-10-01,1,0,0.7987229771253388,0,-0.0281310981094997
2020-10-02,1,1,0.7385110842682596,1,0.0213262591796936
2020-10-05,1,0,0.6795880242932226,0,-0.0178469443697977
2020-10-06,1,1,0.725989420884497,1,0.0172990612817049
2020-10-07,1,1,0.609824828896745,1,0.0053229142715787
2020-10-08,1,1,0.7968567474440456,1,0.0152801525781285
2020-10-09,1,1,0.579847185547703,1,0.0308704896153606
2020-10-12,1,0,0.592245654003812,0,-3.398555551725746e-05
2020-10-13,1,0,0.7725756499766677,0,-0.0083525449777331
2020-10-14,1,0,0.6223879822793121,0,-0.0067109206035135
2020-10-15,1,0,0.785177618193678,0,-0.0054808559270531
2020-10-16,1,0,0.6441877589632826,0,-0.0163253329632566
2020-10-19,1,1,0.741195710271709,1,0.0021494569956981
2020-10-20,1,0,0.911837879171793,0,-0.000773535451884
2020-10-21,1,0,0.5908205197357251,0,-3.52220892325672e-05
2020-10-22,0,1,0.46145635274128266,0,0.0019705734852089
2020-10-23,1,0,0.6524133256542581,0,-0.0149960987571754
2020-10-26,1,1,0.8089748264356414,1,0.0078083304163532
2020-10-27,1,0,0.5067790883397398,0,-0.0389867291831111
2020-10-28,0,1,0.41954893323034187,0,0.0174863780881013
2020-10-29,0,0,0.40522861794612763,1,-0.0253627460982683
2020-10-30,0,1,0.35757069217993404,0,0.0022273594648445
2020-11-02,1,1,0.6080047892915771,1,0.0172975135940443
2020-11-03,0,1,0.28721410578377815,0,0.0446386675335073
2020-11-04,0,1,0.4630365225540497,0,0.0260709312706197
2020-11-05,1,1,0.7117625993355754,1,0.0007472084383965
2020-11-06,1,0,0.6080878132797756,0,-0.0204337575540358
2020-11-09,0,0,0.4838743592386655,1,-0.0179146296675615
2020-11-10,1,1,0.7915223492182625,1,0.0223696141327971
2020-11-11,0,0,0.45878072966249545,1,-0.0046935940892626
2020-11-12,0,1,0.389855503456347,0,0.0087725340944526
2020-11-13,1,1,0.8165183828400681,1,0.0078026315209782
2020-11-16,1,0,0.7273013797596397,0,-0.0031719752886731
2020-11-17,1,0,0.7657570754810883,0,-0.0073904394679685
2020-11-18,1,1,0.519196082790606,1,0.0078246859669415
2020-11-19,1,0,0.7885775861393133,0,-0.0068404130467184
2020-11-20,1,1,0.6481487037365059,1,3.447126336753037e-05
2020-11-23,1,1,0.5570899970944665,1,0.0140500236456309
2020-11-24,1,1,0.5230074584777268,1,0.0061466280133477
2020-11-25,1,1,0.6581863015234232,1,0.0092142939029837
2020-11-27,1,1,0.7242516227509067,1,0.0020400164932292
2020-11-30,1,1,0.5772294195841802,1,0.0128162218826173
2020-12-01,1,1,0.5251341287184429,1,0.0012852259257221
2020-12-02,1,1,0.6106268918218009,1,0.0014151478267034
2020-12-03,1,1,0.7265614541036024,1,0.0040751618224976
2020-12-04,1,1,0.7411746231974551,1,0.0056625132513039
2020-12-07,1,1,0.7002527418186745,1,0.0033848935554821
2020-12-08,1,0,0.7865872533009383,0,-0.0226410548277989
2020-12-09,0,1,0.3375538079136988,0,0.0040157693567499
2020-12-10,1,0,0.6192724220926157,0,-0.0022146731934661
2020-12-11,1,1,0.5670800428370707,1,0.0072552671761589
2020-12-14,1,1,0.6368488881907692,1,0.0106893826755034
2020-12-15,1,1,0.6097569854626668,1,0.005499698637807
2020-12-16,1,1,0.7063330713182734,1,0.00653760418748
2020-12-17,1,0,0.7380932613122895,0,-0.0030225158887662
2020-12-18,0,0,0.38348380512697877,1,-0.0036766565820665
2020-12-21,0,1,0.37563178031210265,0,0.0027191386164016
2020-12-22,1,0,0.6266746103926611,0,-0.0050361489844157
2020-12-23,1,1,0.5938580818611304,1,0.0044126713098533
2020-12-24,1,1,0.8091747225349238,1,0.0100788058592649
2020-12-28,1,1,0.6090802629426908,1,0.0008954803180745
2020-12-29,1,1,0.5465707727436706,1,3.198417017613586e-05
2020-12-30,1,1,0.8961195766349347,1,0.0024602645961868
2020-12-31,1,0,0.6364833109739514,0,-0.0141199490459342
2021-01-04,1,1,0.7908320547234724,1,0.0082441169477096
2021-01-05,1,0,0.7761306113984724,0,-0.0138522959326464
2021-01-06,1,1,0.6334326452899235,1,0.0241919822939704
2021-01-07,1,1,0.9233399940849519,1,0.012857920032089
2021-01-08,1,0,0.9077135290558849,0,-0.0144500058590153
2021-01-11,1,0,0.7994569574473092,0,-0.0015902295612455
2021-01-12,1,1,0.6185579840726113,1,0.0067532971027841
2021-01-13,1,0,0.6043014008366222,0,-0.0053474319570714
2021-01-14,1,0,0.8287232511501412,0,-0.0079211729079247
2021-01-15,1,1,0.6597388695629568,1,0.0145899394736954
2021-01-19,0,1,0.43574393473535783,0,0.0232609123174947
2021-01-20,1,1,0.804523315137003,1,0.0079994947826411
2021-01-21,1,0,0.7325019342655569,0,-0.0028801690342508
2021-01-22,1,1,0.6475107166352821,1,0.0082661539328634
2021-01-25,1,1,0.5781047600551028,1,0.0014629575683708
2021-01-26,0,0,0.3728283051091015,1,-0.0278766966864386
2021-01-27,1,1,0.8056746788629018,1,0.0059168352746257
2021-01-28,1,0,0.7222757713209019,0,-0.0210382472660785
2021-01-29,1,1,0.7333250384446814,1,0.024987334467653
2021-02-01,1,1,0.5988210823507144,1,0.0163140593914334
2021-02-02,1,0,0.7191394448789689,0,-0.0039672479920219
2021-02-03,1,1,0.6985155707502814,1,0.011826660009238
2021-02-04,1,1,0.7486457924039852,1,0.0033914581828584
2021-02-05,1,1,0.8232567300831576,1,0.0066996659791247
2021-02-08,1,0,0.7771524455763921,0,-0.0002097751947282
2021-02-09,1,0,0.8335752229535439,0,-0.0022788214547416
2021-02-10,1,1,0.569282195528954,1,0.0054995839887772
2021-02-11,1,1,0.6857543321330394,1,0.0055891736201074
2021-02-12,1,0,0.7830091561785978,0,-0.0027047217390184
2021-02-16,1,0,0.6593371350778481,0,-0.0047982828519391
2021-02-17,1,0,0.5103969257073189,0,-0.0043721483158167
2021-02-18,1,0,0.5543752814821975,0,-0.0043613324561836
2021-02-19,1,0,0.7133938743783792,0,-0.0259198442904644
2021-02-22,1,0,0.6730751539242512,0,-0.0029772715786173
2021-02-23,0,1,0.163863758493927,0,0.0082431062769781
2021-02-24,1,0,0.5128991923497899,0,-0.0348626111138101
2021-02-25,1,1,0.7428631747719676,1,0.0041876678464429
2021-02-26,0,1,0.4779423810523314,0,0.0300820692964851
2021-03-01,0,0,0.3472216933010741,1,-0.0160388222755405
2021-03-02,0,0,0.34343126429660725,1,-0.0290200703878751
2021-03-03,1,0,0.7333809328009374,0,-0.0163669216543417
2021-03-04,1,1,0.7856921049475579,1,0.0150607907936266
2021-03-05,0,0,0.4894996890278895,1,-0.0283140807365346
2021-03-08,1,1,0.5065752895325998,1,0.0394411764885433
2021-03-09,0,0,0.40219384285875254,1,-0.0028546177060689
2021-03-10,0,1,0.4797377126354047,0,0.0230314061684615
2021-03-11,0,0,0.29871220195729525,1,-0.0081122406632035
2021-03-12,0,1,0.37407593156313196,0,0.0106827972119165
2021-03-15,1,1,0.5550140865576665,1,0.0054888187237787
2021-03-16,1,1,0.6969204059010656,1,0.0041175599834932
2021-03-17,1,0,0.5788402218825148,0,-0.03063058570524
2021-03-18,1,1,0.5148515957297108,1,0.0035252085418311
2021-03-19,0,1,0.4771201301085824,0,0.0174681306995088
2021-03-22,0,0,0.38093876597256254,1,-0.004362650873373
2021-03-23,1,0,0.573169723208391,0,-0.0168652861828639
2021-03-24,1,0,0.7266799946215715,0,-0.0017315181113173
2021-03-25,1,1,0.504567763825013,1,0.0150002043784831
2021-03-26,0,0,0.30448837072904705,1,-0.0002847985376285
2021-03-29,0,0,0.47646569112991477,1,-0.0050330673908992
2021-03-30,0,1,0.44092422243976925,0,0.0153028679260378
2021-03-31,0,1,0.35828886418194356,0,0.0170463521391661
2021-04-01,1,1,0.6949119963403078,1,0.0199648159796757
2021-04-05,1,0,0.7200567380280256,0,-0.0006947001275644
2021-04-06,1,1,0.5392786811839577,1,0.00241819652759
2021-04-07,1,1,0.6957753580104286,1,0.0104336032387173
2021-04-08,1,1,0.5071722158162254,1,0.0060582513448892
2021-04-09,1,0,0.5243758227425441,0,-0.001305128720436
2021-04-12,1,1,0.6729794630960136,1,0.0116731295305123
2021-04-13,1,0,0.5075309993971213,0,-0.0120082098197249
2021-04-14,1,1,0.5288965232125719,1,0.0151554944516794
2021-04-15,0,1,0.39348811015816015,0,0.001170997427522
2021-04-16,1,0,0.5046534878218324,0,-0.0091517932032382
2021-04-19,1,0,0.747843657463708,0,-0.0072887192667424
2021-04-20,1,1,0.6671749930658658,1,0.0085609965561701
2021-04-21,1,0,0.8097598872422663,0,-0.0120545734766283
2021-04-22,1,1,0.6710824537678582,1,0.0125895019899244
2021-04-23,1,1,0.6937610184738318,1,0.0065110817501887
2021-04-26,1,0,0.6365541826387613,0,-0.0043322043297566
2021-04-27,0,0,0.4237312276225443,1,-0.0033808435017474
2021-04-28,0,1,0.3482300607325187,0,0.0035988236598911
2021-04-29,1,0,0.5546663232938106,0,-0.0065546145973983
2021-04-30,1,0,0.7024040806823819,0,-0.0053255653864795
2021-05-03,0,0,0.28546731645969936,1,-0.0179957397573807
2021-05-04,1,0,0.7074379250918486,0,-0.003362257890255
2021-05-05,1,1,0.6343792126338406,1,0.0075373400465883
2021-05-06,1,1,0.5080219239796443,1,0.0081143928151914
2021-05-07,0,0,0.2784573505505451,1,-0.0252543451021115
2021-05-10,0,0,0.4811190122549778,1,-0.0013814224998184
2021-05-11,1,0,0.733497564509093,0,-0.025882951564191
2021-05-12,1,1,0.6747659320855383,1,0.0077313313017173
2021-05-13,1,1,0.8237080591213721,1,0.0220768409575833
2021-05-14,0,0,0.3593542299647788,1,-0.0060663957151411
2021-05-17,1,0,0.6953317172087078,0,-0.006750724135151
2021-05-18,0,1,0.4419565673672083,0,0.0011482686232568
2021-05-19,1,1,0.74097537525196,1,0.0193434089872985
2021-05-20,0,0,0.18013305775222727,1,-0.0055347045006817
2021-05-21,1,1,0.5416050469738001,1,0.0168190570189028
2021-05-24,0,1,0.4880178290769862,0,0.0013833913012193
2021-05-25,1,1,0.8115659154144402,1,0.0034838083246437
2021-05-26,1,0,0.8280462255016913,0,-0.0037410588146323
2021-05-27,1,1,0.8294108959783527,1,0.0031542531169403
2021-05-28,1,0,0.7790299595821517,0,-0.0033240061567042
2021-06-01,1,1,0.678419474714703,1,0.0019529892499856
2021-06-02,1,0,0.6986241544293226,0,-0.010405737271721
2021-06-03,0,1,0.3516014150429127,0,0.0169697154651988
2021-06-04,1,1,0.8249083664838881,1,0.0029797377288829
2021-06-07,0,1,0.3777767691205713,0,0.0004753525228997
2021-06-08,1,1,0.6089939293558089,1,0.0002375180245459
2021-06-09,1,1,0.6165100317200229,1,0.0104204067325308
2021-06-10,1,1,0.5960355492891076,1,0.0026149085203444
2021-06-11,1,1,0.5446768020592166,1,0.0095827559044414
2021-06-14,0,0,0.493645603200787,1,-0.0065310148797438
2021-06-15,0,0,0.3825211076121268,1,-0.0036521941340911
2021-06-16,0,1,0.4431810063986293,0,0.0126975351111882
2021-06-17,1,0,0.6391189617426866,0,-0.0078473141941733
2021-06-18,1,1,0.6166257645380792,1,0.0050491213381667
2021-06-21,0,1,0.4031002612602086,0,0.0093217043477891
2021-06-22,1,1,0.5409702797494842,1,0.0004890609275087
2021-06-23,1,1,0.5989944553721361,1,0.0061828506195487
2021-06-24,1,0,0.5963743865418277,0,-0.0012290239085315
2021-06-25,1,1,0.7507154056750058,1,0.0121616210837294
2021-06-28,0,1,0.42512678039322915,0,0.0036187803856806
2021-06-29,1,0,0.7334296776578907,0,-0.001577502391614
2021-06-30,1,1,0.8137780158307792,1,0.0003950417609426
2021-07-01,1,1,0.7097894574488102,1,0.0114787129202869
2021-07-02,0,1,0.39044070359220434,0,0.0043218484543285
2021-07-06,1,1,0.5728265740977014,1,0.0021100245994436
2021-07-07,1,0,0.630591738149484,0,-0.0060396817277541
2021-07-08,1,1,0.6162499718731882,1,0.0062436123994411
2021-07-09,1,1,0.5818801368905672,1,0.0039057190215439
2021-07-12,1,0,0.6250840435092655,0,0.0
2021-07-13,1,1,0.8727461589706409,1,0.001793482347558
2021-07-14,1,0,0.6974934790150735,0,-0.00702348929712
2021-07-15,1,0,0.5667465644438191,0,-0.0080993648040011
2021-07-16,0,0,0.3963608516135808,1,-0.008193491682808
2021-07-19,1,1,0.8357719684868675,1,0.0116164179693949
2021-07-20,1,1,0.692327464401475,1,0.0077203627406059
2021-07-21,1,1,0.5765458137376538,1,0.0066102850552494
2021-07-22,1,1,0.5691004227523854,1,0.0116774278264961
2021-07-23,1,1,0.5779808485089042,1,0.0007875557244159
2021-07-26,1,0,0.7068108746404771,0,-0.0110179317381494
2021-07-27,0,1,0.3563995671841738,0,0.0038415990028839
2021-07-28,1,1,0.6350194402199043,1,0.0017768483665132
2021-07-29,1,0,0.8228610505821116,0,-0.0052117539970838
2021-07-30,0,1,0.4104487857220602,0,8.228537371191003e-05
2021-08-02,1,1,0.5834589473146681,1,0.0060614136535441
2021-08-03,1,1,0.7462399039392861,1,0.0014448864066531
2021-08-04,1,1,0.756294157574737,1,0.0063429441745312
2021-08-05,1,0,0.665188728244052,0,-0.004382356090352
2021-08-06,1,1,0.7154446719183858,1,0.0018476381358878
2021-08-09,1,0,0.6228783266963736,0,-0.0051257413069846
2021-08-10,1,0,0.5991395179064438,0,-0.0017173832981729
2021-08-11,0,1,0.44448917399363685,0,0.003604509311649
2021-08-12,1,1,0.5125843172079516,1,0.0035099408189984
2021-08-13,1,1,0.5597616810259711,1,0.0004338258742255
2021-08-16,1,0,0.8235933568775036,0,-0.0088080652155447
2021-08-17,0,0,0.47075811261830536,1,-0.0096246395578993
2021-08-18,1,1,0.7674126805381603,1,0.00483145148197
2021-08-19,0,1,0.43467605501016887,0,0.0103583350361611
2021-08-20,1,1,0.6220279065375192,1,0.0149566253383777
2021-08-23,1,1,0.8893878572032486,1,0.003054374239217
2021-08-24,1,1,0.5038277590424876,1,0.001148576759328
2021-08-25,1,0,0.5437603009311258,0,-0.0063499851727558
2021-08-26,1,1,0.6088798328037918,1,0.0097201949053953
2021-08-27,1,1,0.6714370416529633,1,0.0112222133943469
2021-08-30,1,0,0.6248051573646819,0,-0.0008152252422881
2021-08-31,1,1,0.841904146309722,1,0.0016580453875365
2021-09-01,1,0,0.7570454316900463,0,-0.0004729430924689
2021-09-02,1,1,0.6661746246297353,1,0.0030757451275165
2021-09-03,1,1,0.5788431607431707,1,0.0014151479858972
2021-09-07,1,0,0.5186464705983411,0,-0.0034806380970179
2021-09-08,1,0,0.7242047802080367,0,-0.0034403003382355
2021-09-09,0,0,0.4358423829581225,1,-0.0075895456124276
2021-09-10,0,0,0.3118427120124186,1,-0.0006904319502732
2021-09-13,0,0,0.397456443780946,1,-0.0028431877469725
2021-09-14,0,1,0.35051816994379126,0,0.0074347864273796
2021-09-15,1,1,0.753121711557916,1,0.000687765570746
2021-09-16,1,0,0.512191276175478,0,-0.011842169160846
2021-09-17,1,0,0.8184133771512417,0,-0.0217477855101457
2021-09-20,1,1,0.673770660392392,1,0.0012304667061326
2021-09-21,1,1,0.9149748618926399,1,0.0093404710767284
2021-09-22,1,1,0.8517335655333937,1,0.0092269491423251
2021-09-23,1,1,0.654893137532085,1,0.000938322632926
2021-09-24,1,0,0.7084843375794856,0,-0.0079821620976946
2021-09-27,1,0,0.8655051755379022,0,-0.0282975855639621
2021-09-28,1,0,0.7295821126996035,0,-0.0016394707697108
2021-09-29,1,0,0.9102419400849594,0,-0.0036740350943655
2021-09-30,1,1,0.5357463465811123,1,0.0062018138163402
2021-10-01,1,0,0.879915707828,0,-0.0209894988959005
2021-10-04,1,1,0.5308065893061784,1,0.0134989785932106
2021-10-05,1,1,0.6667075603076673,1,0.0064077690795061
2021-10-06,1,1,0.8761872099442928,1,0.0091750428719901
2021-10-07,0,0,0.41244033375041395,1,-0.0049866312711974
2021-10-08,1,0,0.6358575822928947,0,-0.0076697003698764
2021-10-11,0,0,0.47406843465713333,1,-0.0034878203881494
2021-10-12,0,1,0.4480065926844443,0,0.0080080227201027
2021-10-13,0,1,0.3133005585584424,0,0.0184166802300347
2021-10-14,1,1,0.564646218564304,1,0.0063006233200475
2021-10-15,1,1,0.883800626182152,1,0.0100558124099521
2021-10-18,1,1,0.7110184564558838,1,0.007567442292786
2021-10-19,1,0,0.81730085732792,0,-0.0013050050144671
2021-10-20,1,1,0.8278817359451909,1,0.0061069335971277
2021-10-21,1,0,0.664520213819566,0,-0.0084024253252791
2021-10-22,1,1,0.7114908710564936,1,0.0102378682431936
2021-10-25,0,1,0.45105715653602424,0,0.0031487377674919
2021-10-26,1,1,0.7067060160565594,1,0.0023211777119285
2021-10-27,1,1,0.7678161910436444,1,0.0111052663702713
2021-10-28,0,1,0.4565704685488453,0,0.004919015472528
2021-10-29,0,1,0.29193697785161626,0,0.0034187339729556
2021-11-01,1,1,0.5824603092753313,1,0.0041813879870244
2021-11-02,1,1,0.5141534533990139,1,0.0106156149913831
2021-11-03,1,1,0.5630142369448718,1,0.0128185783580241
2021-11-04,1,1,0.5229662991462571,1,0.0009542586551343
2021-11-05,1,0,0.5961210672335038,0,-0.0013547630121752
2021-11-08,1,0,0.5219707645476672,0,-0.0068833599235793
2021-11-09,1,0,0.5925612195920481,0,-0.0146969479180161
2021-11-10,0,1,0.4118516386492067,0,0.0027726798931699
2021-11-11,1,1,0.7161239640536301,1,0.0105225835471352
2021-11-12,1,0,0.6711535432493013,0,-0.0002280893151368
2021-11-15,1,1,0.809716304792104,1,0.0071210262803369
2021-11-16,1,1,0.7042674825934573,1,0.0005283867142646
2021-11-17,1,1,0.6428931763581891,1,0.010361378836091
2021-11-18,1,1,0.8179741023197576,1,0.0055755824128811
2021-11-19,1,0,0.8400145125515651,0,-0.0116092045713441
2021-11-22,1,0,0.509954465594027,0,-0.0045579185130962
2021-11-23,1,1,0.5473052781535689,1,0.003220284653109
2021-11-24,1,0,0.6906722057560951,0,-0.0189587656070054
2021-11-26,1,1,0.8137203186227868,1,0.0217024283472719
2021-11-29,1,0,0.8339382645047395,0,-0.014686369639801
2021-11-30,1,0,0.8341978219097442,0,-0.0170128791895415
2021-12-01,1,1,0.5125630972004859,1,0.0072070897399068
2021-12-02,1,0,0.5731631266234175,0,-0.0173886248509087
2021-12-03,1,1,0.6224895706626288,1,0.0080129650121185
2021-12-06,1,1,1.0,1,0.0301138632771451
2021-12-07,0,1,0.3310785223754349,0,0.0044742700132625
2021-12-08,1,0,0.7820702702994794,0,-0.0147142828777449
2021-12-09,1,1,0.7084057934678575,1,0.0108703900131339
2021-12-10,1,0,0.8095720436675475,0,-0.0144468728396705
2021-12-13,1,0,0.7389052763817215,0,-0.0103502713952909
2021-12-14,1,1,0.7920444688972931,1,0.0227974634406187
2021-12-15,1,0,0.5903707386741386,0,-0.0257146247801974
2021-12-16,1,0,0.5513016429864898,0,-0.004989123911829
2021-12-17,1,0,0.8338044326628146,0,-0.0109636049480479
2021-12-20,0,1,0.48754007816511186,0,0.022380385507978
2021-12-21,0,1,0.21555056154563387,0,0.0121785690398965
2021-12-22,1,1,0.6690278473720963,1,0.0075390306604237
2021-12-23,1,1,0.5015330645964647,1,0.0165272531912481
2021-12-27,1,0,0.8053304385348052,0,-0.0046347417067681
2021-12-28,1,0,0.6498958317257573,0,-0.0001493925967531
2021-12-29,1,0,0.6108649541171738,0,-0.0029883743641697
2021-12-30,0,0,0.44554399833603975,1,-0.0062445359357721
2021-12-31,1,1,0.6211902592828685,1,0.0096267098492117
2022-01-03,1,0,0.7487889842740155,0,-0.0129705027635853
2022-01-04,1,0,0.5906993377401834,0,-0.0307210952613814
2022-01-05,0,0,0.20204561352407527,1,-0.0007026452034816
2022-01-06,1,0,0.7478244753221949,0,-0.0108327789727665
2022-01-07,0,1,0.4930672396456501,0,0.0006581372338247
2022-01-10,0,1,0.4978642456867674,0,0.0150220257102036
2022-01-11,1,1,0.7400329248620214,1,0.0039655765648543
2022-01-12,1,0,0.7070554232712742,0,-0.0250161411868331
2022-01-13,0,1,0.2188235097222304,0,0.0062225443010326
2022-01-14,1,0,0.6097029813339788,0,-0.024894138916211
2022-01-18,1,0,0.5630936576447185,0,-0.0109836106887544
2022-01-19,1,0,0.7002337095873179,0,-0.0129884567314165
2022-01-20,1,0,0.5417811651070799,0,-0.0277286264111701
2022-01-21,1,1,0.7957212734534844,1,0.0045778536221845
2022-01-24,1,0,0.7499985355172436,0,-0.0231814399218307
2022-01-25,1,0,0.5164774833866713,0,-0.0015646548934064
2022-01-26,0,0,0.4441489843644499,1,-0.0100705260090675
2022-01-27,0,1,0.284472945886321,0,0.0313690457285009
2022-01-28,0,1,0.4856846562102903,0,0.0319783979259844
2022-01-31,0,1,0.2933477837349086,0,0.0068034741874487
2022-02-01,0,1,0.4034224341871576,0,0.0081254139581188
2022-02-02,1,0,0.6961621713872748,0,-0.0405438487810857
2022-02-03,0,1,0.4440120061636366,0,0.0126149685381065
2022-02-04,1,0,0.6177866610063714,0,-0.0080444814509458
2022-02-07,0,1,0.45184728227409104,0,0.0112352946231384
2022-02-08,0,1,0.49662161492181794,0,0.0211907328263838
2022-02-09,1,0,0.5996171953887396,0,-0.0226325036454578
2022-02-10,1,0,0.6063322515796455,0,-0.0317216621084283
2022-02-11,1,1,0.5591398329544782,1,0.0012389577560252
2022-02-14,1,1,0.8072920203914252,1,0.024864067717778
2022-02-15,0,0,0.49846182662138067,1,-0.0002527064180403
2022-02-16,0,0,0.4991170604508396,1,-0.0297438380062123
2022-02-17,1,0,0.7170535320076488,0,-0.0114054198934141
2022-02-18,1,0,0.6373132220189364,0,-0.01004369738888
2022-02-22,1,0,0.6255038923721202,0,-0.0256151605788121
2022-02-23,1,1,0.511557951840896,1,0.0336044452535033
2022-02-24,0,1,0.4455110241535019,0,0.0155070602095011
2022-02-25,0,1,0.4965092851485575,0,0.0029788553432152
2022-02-28,1,0,0.7100832719002351,0,-0.0153114121842579
2022-03-01,0,1,0.4007867468011478,0,0.0167794405405423
2022-03-02,0,0,0.4419377042222334,1,-0.014284866763552
2022-03-03,1,0,0.5698642371189621,0,-0.0144919705227987
2022-03-04,0,0,0.4726224825834787,1,-0.0368811233074867
2022-03-07,1,0,0.764131884893841,0,-0.0046480924587026
2022-03-08,1,1,0.5894351889176956,1,0.0359980946687628
2022-03-09,1,0,0.5261362731700915,0,-0.0111048130665051
2022-03-10,0,0,0.4116683114268984,1,-0.0207383564615748
2022-03-11,0,0,0.3928154530091318,1,-0.0192046257273912
2022-03-14,0,1,0.42075441578469375,0,0.0313668166312497
2022-03-15,1,1,0.5090031925219322,1,0.0370867397656373
2022-03-16,0,1,0.3947650296845533,0,0.0121062383301562
2022-03-17,0,1,0.48556885501245184,0,0.0204679704534842
2022-03-18,1,0,0.578258121670942,0,-0.0040115044561274
2022-03-21,0,1,0.46914216365751804,0,0.0196526655241753
2022-03-22,0,0,0.4939026764923758,1,-0.0143713721582663
2022-03-23,1,1,0.6007639860267927,1,0.0222266652152247
2022-03-24,0,0,0.47311618895515006,1,-0.0008341103797018
2022-03-25,1,1,0.7097631317168566,1,0.0154723736306048
2022-03-28,0,1,0.37357434298958014,0,0.0172097194274563
2022-03-29,1,0,0.5413248005382443,0,-0.0110455725546187
2022-03-30,1,0,0.6168857656765051,0,-0.0123947474416619
2022-03-31,1,0,0.6055137831441609,0,-0.001903244952676
2022-04-01,1,1,0.8284571670532717,1,0.0205885907524951
2022-04-04,0,0,0.38195086529708433,1,-0.0222041212036273
2022-04-05,1,0,0.6975455320738528,0,-0.0217114267664763
2022-04-06,1,1,0.5799220163128975,1,0.0023778415746744
2022-04-07,0,0,0.4852245467754592,1,-0.0139791361810487
2022-04-08,0,0,0.4581215393801918,1,-0.0236573947943294
2022-04-11,0,0,0.49302283309678735,1,-0.0042242435375859
2022-04-12,1,1,0.6517741880789379,1,0.0203269808465231
2022-04-13,0,0,0.4533633178264498,1,-0.0228670803758186
2022-04-14,0,1,0.34668006520380684,0,0.0007682822777297
2022-04-18,1,1,0.9050895988830274,1,0.0223508437498929
2022-04-19,0,0,0.29371553880534124,1,-0.0145844688041368
2022-04-20,1,0,0.5068553198620221,0,-0.0206910633785565
2022-04-21,0,0,0.4841980528180921,1,-0.026185845158838
2022-04-22,1,1,0.64743616112835,1,0.0128457060669491
2022-04-25,1,0,0.8242144468468384,0,-0.0377449251491502
2022-04-26,1,0,0.6627791779300138,0,-0.0011982243339231
2022-04-27,0,1,0.4993055033512934,0,0.0355158468656571
2022-04-28,1,0,0.5696066924213274,0,-0.0449986565232309
2022-04-29,1,1,0.5957955003189903,1,0.0166959648406324
2022-05-02,1,1,0.6723395860100623,1,0.0010675594265325
2022-05-03,1,1,0.6814560119635065,1,0.0338121778171038
2022-05-04,1,0,0.5163249176840923,0,-0.0503640952552111
2022-05-05,1,0,0.7037909941571583,0,-0.0119808306709264
2022-05-06,1,0,0.598468788024284,0,-0.0391269397041733
2022-05-09,1,1,0.6267199733427572,1,0.0121488000783813
2022-05-10,1,0,0.8240065342714759,0,-0.0296582429116342
2022-05-11,1,0,0.5533169758624111,0,-0.0023643176057587
2022-05-12,1,1,0.6398112096708171,1,0.0370599648673122
2022-05-13,1,0,0.6067004962162088,0,-0.0115917068679205
2022-05-16,0,1,0.44727738050877164,0,0.0259013903065685
2022-05-17,0,0,0.49454515918558184,1,-0.0490903684885013
2022-05-18,1,0,0.7201166386550277,0,-0.0053583430572251
2022-05-19,1,0,0.609881118956809,0,-0.0031079285110049
2022-05-20,1,1,0.5149520594064108,1,0.0166274713604341
2022-05-23,1,0,0.5703497210245159,0,-0.0212621661386125
2022-05-24,0,1,0.4113340769689761,0,0.0139953337554767
2022-05-25,0,1,0.4392706631283986,0,0.0277071226260496
2022-05-26,0,1,0.3359087792624039,0,0.0326396284018517
2022-05-27,0,0,0.28505616362616276,1,-0.0026528867940045
2022-05-31,1,0,0.6285371588372455,0,-0.007395869950451
2022-06-01,1,1,0.5819699052149354,1,0.0273856368719362
2022-06-02,0,0,0.2610069909364548,1,-0.0260194431857407
2022-06-03,1,1,0.7910997408770947,1,0.0033311200947381
2022-06-06,1,1,0.67426629349886,1,0.0086257206104907
2022-06-07,1,0,0.7105266148485327,0,-0.0071965033849329
2022-06-08,1,0,0.7207796247621725,0,-0.0267846195540251
2022-06-09,1,0,0.5924794433702306,0,-0.0352705336468537
2022-06-10,1,0,0.5405518347092905,0,-0.0464963053803344
2022-06-13,1,1,0.5102593356000735,1,0.001815475085696
2022-06-14,1,1,0.7854951614865529,1,0.0249718532833522
2022-06-15,1,0,0.5338833838216488,0,-0.0403464414322543
2022-06-16,1,1,0.6767339225097687,1,0.012159577047238
2022-06-17,1,1,0.6205205378595232,1,0.0232625289383161
2022-06-21,0,0,0.486271639789705,1,-0.0014585639821989
2022-06-22,1,1,0.7096299168864012,1,0.0148929079552615
2022-06-23,0,1,0.454695131281778,0,0.0342635739474059
2022-06-24,1,0,0.5870945648560592,0,-0.0073316358980627
2022-06-27,1,0,0.6447422392956229,0,-0.0304667577028576
2022-06-28,0,1,0.36804098273855257,0,0.0009169049876982
2022-06-29,1,0,0.6951639055362338,0,-0.0124030625971686
2022-06-30,0,1,0.21108139015384222,0,0.006600564120069
2022-07-01,1,1,0.5701994756662843,1,0.017119719592646
2022-07-05,1,1,0.6418576749262394,1,0.0064120309195738
2022-07-06,1,1,0.654830020621358,1,0.0213989731806694
2022-07-07,0,1,0.2006469031317434,0,0.0012543057271925
2022-07-08,1,0,0.5414711630074702,0,-0.021364474109346
2022-07-11,1,0,0.8044114919273941,0,-0.0096873035834819
2022-07-12,1,0,0.5712855347420257,0,-0.0020611946549031
2022-07-13,1,1,0.6080833982204459,1,0.0035708718818303
2022-07-14,1,1,0.7701684349129786,1,0.0181392592384412
2022-07-15,0,0,0.40523576350641655,1,-0.008462676061345
2022-07-18,1,1,0.6577234101496378,1,0.0307532622121196
2022-07-19,0,1,0.480771012848469,0,0.0158565577602736
2022-07-20,1,1,0.535503269970542,1,0.0143550345544627
2022-07-21,1,0,0.5137916627026465,0,-0.0175353457050416
2022-07-22,0,0,0.44695101534139153,1,-0.0056955570592529
2022-07-25,1,0,0.7439086548457096,0,-0.019648962974504
2022-07-26,1,1,0.5603945270362661,1,0.0422597501367416
2022-07-27,1,1,0.717758980435931,1,0.0097780386032795
2022-07-28,1,1,0.5467266273910846,1,0.0182369644007884
2022-07-29,1,0,0.5482943555565847,0,-0.0006023028166894
2022-08-01,1,0,0.7113109563047797,0,-0.0029815791992985
2022-08-02,0,1,0.4323047598323838,0,0.0272326168098628
2022-08-03,0,1,0.2647185093311138,0,0.0046764507403269
2022-08-04,1,0,0.5808906550118753,0,-0.0081689085892214
2022-08-05,0,0,0.4672195858678901,1,-0.003232349789967
2022-08-08,1,0,0.7555465555501066,0,-0.0113186523012362
2022-08-09,1,1,0.6015961822742459,1,0.0279109577339995
2022-08-10,0,0,0.34125158581776077,1,-0.0056760842668318
2022-08-11,1,1,0.5617489350584037,1,0.0194705885510297
2022-08-12,0,1,0.4885815151691521,0,0.0080813063100508
2022-08-15,0,0,0.48996331307798774,1,-0.002341916726759
2022-08-16,0,0,0.40796574850028444,1,-0.0114060688541148
2022-08-17,1,1,0.5203190889267422,1,0.0024049699181343
2022-08-18,1,0,0.6273652679920315,0,-0.0194971253994611
2022-08-19,0,0,0.33941572288468896,1,-0.02632720183873
2022-08-22,0,0,0.306211424539234,1,-0.0008270112614877
2022-08-23,1,1,0.6081940216210937,1,0.00289717811024
2022-08-24,1,1,0.5047441041499092,1,0.0176819041743621
2022-08-25,0,0,0.2995028246094028,1,-0.0409881610868971
2022-08-26,0,0,0.3694725868900065,1,-0.009855577528088
2022-08-29,1,0,0.6987408147231301,0,-0.0111363444290758
2022-08-30,1,0,0.5132943540012217,0,-0.0058135674170146
2022-08-31,1,1,0.5036843214233493,1,0.0004344066815418
2022-09-01,1,0,0.7148330124293304,0,-0.0141281915664049
2022-09-02,0,0,0.3677869604913125,1,-0.007182388245155
2022-09-06,0,1,0.31032175549027075,0,0.0202013774930327
2022-09-07,1,1,0.698263298460712,1,0.0051844258174402
2022-09-08,1,1,0.7354259369415279,1,0.0218621308545297
2022-09-09,0,1,0.17285309901430734,0,0.011885746654112
2022-09-12,0,0,0.3758816467331133,1,-0.0548367721016255
2022-09-13,0,1,0.4273366382147214,0,0.0079332191876899
2022-09-14,1,0,0.9100680493300305,0,-0.0166536928558269
2022-09-15,0,0,0.28479233283600974,1,-0.0061147328820869
2022-09-16,0,1,0.27717430441539126,0,0.0059794705687648
2022-09-19,1,0,0.7169710527862146,0,-0.0079710596253
2022-09-20,0,0,0.4003029580799568,1,-0.0179060479721979
2022-09-21,0,0,0.44368805832490205,1,-0.0123077664847763
2022-09-22,0,0,0.32674710534455875,1,-0.0162816347318295
2022-09-23,1,0,0.5202902864842597,0,-0.0041378338645746
2022-09-26,1,1,0.8076004959949511,1,0.0004009763133669
2022-09-27,1,1,0.8522627661677836,1,0.0198921277926868
2022-09-28,1,0,0.5363718190827196,0,-0.028827631827673
2022-09-29,1,0,0.5438852154257696,0,-0.0169565801094578
2022-09-30,1,1,0.6189625656964587,1,0.0234602588661521
2022-10-03,0,1,0.4568643478238604,0,0.0314408150546394
2022-10-04,1,0,0.6385364624294976,0,-0.0005316481547104
2022-10-05,0,0,0.44796704741284665,1,-0.0078729028094504
2022-10-06,0,0,0.26086828375538534,1,-0.0381041009794074
2022-10-07,1,0,0.5907614192433065,0,-0.0099962927550862
2022-10-10,0,0,0.4845827666582559,1,-0.0137382365969688
2022-10-11,1,0,0.5932483816405979,0,-0.0003425169853116
2022-10-12,1,1,0.5848139750475485,1,0.0234523855030235
2022-10-13,0,0,0.4359475461455787,1,-0.0300573501588317
2022-10-14,0,1,0.46721510033541414,0,0.0330214627276821
2022-10-17,0,1,0.38006840000990755,0,0.0079079444386347
2022-10-18,1,0,0.5204151373053154,0,-0.0036467537641399
2022-10-19,0,0,0.08553434023229903,1,-0.0051018704300914
2022-10-20,0,1,0.07545412221587244,0,0.0234477664139014
2022-10-21,1,1,0.5309305705556652,1,0.0110013747424781
2022-10-24,1,1,0.7263076949582249,1,0.0206858645916103
2022-10-25,1,0,0.6299560978354923,0,-0.0220963335847025
2022-10-26,0,0,0.4751239691246344,1,-0.0182060147948712
2022-10-27,0,1,0.33773643844990997,0,0.0306006752407115
2022-10-28,0,0,0.3764687265205013,1,-0.0116278678596035
2022-10-31,1,0,0.645236735663073,0,-0.0102177612187092
2022-11-01,0,0,0.4671312010379772,1,-0.0342771734138646
2022-11-02,0,0,0.41856956946200546,1,-0.0195347884089254
2022-11-03,0,1,0.18831846452250375,0,0.0160850804195442
2022-11-04,1,1,0.7024152091456912,1,0.0109944224823745
2022-11-07,1,1,0.6029132826458982,1,0.0072873135532649
2022-11-08,1,0,0.81436826307446,0,-0.0230763561012
2022-11-09,0,1,0.4263847975111628,0,0.0737885163881892
2022-11-10,0,1,0.4379969872649469,0,0.0184261413088528
2022-11-11,0,0,0.34394039522783004,1,-0.0087511775540005
2022-11-14,1,1,0.6388255576088175,1,0.0138383274006665
2022-11-15,0,0,0.48703496977272553,1,-0.0136494419540698
2022-11-16,1,0,0.7109660012130344,0,-0.0022071359214687
2022-11-17,1,1,0.6037436278942341,1,3.514541522720016e-05
2022-11-18,1,0,0.6594558783699027,0,-0.0102871729528676
2022-11-21,0,1,0.2780535202843602,0,0.0144027718174311
2022-11-22,0,1,0.4463080935997506,0,0.0100367022020253
2022-11-23,1,0,0.7256479229269066,0,-0.0065784704947795
2022-11-25,0,0,0.29033288287516595,1,-0.0146731554984979
2022-11-28,0,0,0.4052928221225415,1,-0.0075695383804622
2022-11-29,0,1,0.25853544738697715,0,0.0455856923172974
2022-11-30,1,1,0.6561305438842514,1,0.0012272153228709
2022-12-01,1,0,0.594159085451946,0,-0.0039834312367962
2022-12-02,1,0,0.5014738937831276,0,-0.0167833647219494
2022-12-05,0,0,0.4793408297714498,1,-0.0207204202097568
2022-12-06,0,0,0.37007255268880845,1,-0.0040826254131866
2022-12-07,1,1,0.7382370606852049,1,0.0118347675423857
2022-12-08,0,0,0.4511070078776213,1,-0.0063765986248867
2022-12-09,1,1,0.8278207191269857,1,0.012551332860919
2022-12-12,0,1,0.46044008187375735,0,0.010750078676966
2022-12-13,0,0,0.49430740277906565,1,-0.0074137681486555
2022-12-14,0,0,0.44767407087242606,1,-0.0335764712899803
2022-12-15,0,0,0.3950004726993348,1,-0.0095345245721102
2022-12-16,1,0,0.6097645279029631,0,-0.0164083865086599
2022-12-19,1,0,0.5064573232234872,0,-0.0007784669326343
2022-12-20,1,1,0.9043762947326203,1,0.0145062088675333
2022-12-21,0,0,0.4760203317960226,1,-0.0244651751426553
2022-12-22,0,1,0.31429826244200726,0,0.0022491211724899
2022-12-23,1,0,0.658961742457355,0,-0.0141382367833631
2022-12-27,1,0,0.5419865929368747,0,-0.0132027492451362
2022-12-28,0,1,0.3455992171037737,0,0.0243752256405846
2022-12-29,0,0,0.44477291479308756,1,-0.0006005241729591
2022-12-30,1,0,0.6034752517928436,0,-0.0067597559006324
2023-01-03,1,1,0.7005705882916483,1,0.0047639866746376
2023-01-04,1,0,0.6327520391447363,0,-0.0156544133927316
2023-01-05,1,1,0.5298274101813525,1,0.0276015046690449
2023-01-06,0,1,0.3012014115036167,0,0.0064732917818928
2023-01-09,0,1,0.3294747617833757,0,0.0084644708916075
2023-01-10,1,1,0.5595713396858317,1,0.0173001556024081
2023-01-11,0,1,0.4523102974185753,0,0.0054044318716341
2023-01-12,1,1,0.5834948558240014,1,0.0068805357883006
2023-01-13,0,1,0.3687573333052468,0,0.0020287123954241
2023-01-17,1,0,0.5332455366786746,0,-0.0129999415750013
2023-01-18,0,0,0.40188802857835754,1,-0.009824423990058
2023-01-19,0,1,0.48928136144376655,0,0.027366886957409
2023-01-20,0,1,0.3949688391303042,0,0.0222159294679893
2023-01-23,0,0,0.43394559101731994,1,-0.0020417924810962
2023-01-24,0,0,0.28359264060580514,1,-0.0022193159541418
2023-01-25,0,1,0.43949667961700156,0,0.0194973938670202
2023-01-26,0,1,0.3164095516175188,0,0.0099543651196165
2023-01-27,1,0,0.6048513825554523,0,-0.0202187961739821
2023-01-30,0,1,0.28862634520939445,0,0.0149860690672736
2023-01-31,1,1,0.5979126027368252,1,0.0213835395253503
2023-02-01,1,1,0.5696406980394046,1,0.0358898953577322
2023-02-02,1,0,0.7093931865485793,0,-0.0177723871526596
2023-02-03,0,0,0.49278240097514325,1,-0.0084590646020206
2023-02-06,0,1,0.31588362431095124,0,0.0207187608972503
2023-02-07,1,0,0.5661247460700934,0,-0.017781107779796
2023-02-08,1,0,0.5446143304441676,0,-0.0088379356853837
2023-02-09,1,0,0.5203972975494555,0,-0.0065631812411169
2023-02-10,0,1,0.47967118831422195,0,0.0160159746328369
2023-02-13,1,1,0.5096706119036102,1,0.0073891625615762
2023-02-14,1,1,0.9029044184827599,1,0.007660981592553
2023-02-15,0,0,0.34821892570516644,1,-0.0187642128632132
2023-02-16,0,0,0.3530905103633822,1,-0.0070556683712105
2023-02-17,1,0,0.7236838959476694,0,-0.0236751387837413
2023-02-21,0,1,0.26176108755084193,0,0.0007482271251793
2023-02-22,1,1,0.9242690048620285,1,0.0087340945597917
2023-02-23,1,0,1.0,0,-0.0167441584059876
2023-02-24,0,1,0.4080629881110849,0,0.0071612002541789
2023-02-27,1,0,0.5540920996644427,0,-0.0012927974404854
2023-02-28,1,0,0.683004587031973,0,-0.0080391925711588
2023-03-01,0,1,0.48264942949215806,0,0.0082760063307203
2023-03-02,0,1,0.3591486741592224,0,0.0206737087532995
2023-03-03,1,1,0.5494187933060932,1,0.0011345313207427
2023-03-06,0,0,0.2643337215329661,1,-0.0122658249801267
2023-03-07,1,1,0.5055657066165491,1,0.004994300481264
2023-03-08,0,0,0.27095730708177623,1,-0.0173259134215653
2023-03-09,1,0,0.5822107536057988,0,-0.0140436541300869
2023-03-10,0,1,0.2892478309393739,0,0.0074164433857919
2023-03-13,1,1,0.5330597513331607,1,0.0229797812779188
2023-03-14,0,1,0.4207393767339199,0,0.0052459817204455
2023-03-15,1,1,0.6277632734291262,1,0.0263607034285082
2023-03-16,1,0,0.5061641313063493,0,-0.0047260917785257
2023-03-17,1,1,0.5097529749811901,1,0.0019976941917858
2023-03-20,1,1,0.5111696967723176,1,0.0142824299759873
2023-03-21,1,0,0.5179669209301919,0,-0.0135979933959543
2023-03-22,0,1,0.35724141972644485,0,0.0118581110045519
2023-03-23,1,1,0.5076898727709508,1,0.0036804347003631
2023-03-24,0,0,0.3840408356790619,1,-0.0068513132698108
2023-03-27,1,0,0.6246927779630624,0,-0.0053116161308661
2023-03-28,1,1,0.7303945287925299,1,0.0182339352453388
2023-03-29,0,1,0.4263532594446914,0,0.0094653090417107
2023-03-30,0,1,0.43752732537231914,0,0.0166307657178388
2023-03-31,1,0,0.6598397498325912,0,-0.0024304327956186
2023-04-03,0,0,0.4791751951802011,1,-0.003373376832282
2023-04-04,0,0,0.2630653929822792,1,-0.0098724224282339
2023-04-05,1,1,0.6032989638156486,1,0.0067421317887528
2023-04-06,0,0,0.42764087521174216,1,-0.0005659257434036
2023-04-10,0,0,0.4855746762552298,1,-0.006417744915401
2023-04-11,1,0,0.7058727350389223,0,-0.0088337971249141
2023-04-12,0,1,0.4580574174051999,0,0.0195821770875426
2023-04-13,1,0,0.7477093875884862,0,-0.0018798949721868
2023-04-14,0,1,0.394454244739893,0,0.000847502927032
2023-04-17,1,1,0.7017087881734309,1,6.269293031446743e-05
2023-04-18,1,0,0.8104785796347457,0,-0.000470406772173
2023-04-19,1,0,0.6358959746460406,0,-0.0076244634336283
2023-04-20,0,1,0.27988071970652545,0,0.0010433368329936
2023-04-21,0,0,0.37802074149745535,1,-0.002084498831578
2023-04-24,0,0,0.4249723995971796,1,-0.0188638130792375
2023-04-25,0,1,0.3864009213356723,0,0.0060647277074692
2023-04-26,1,1,0.5078406716816555,1,0.0271908523394233
2023-04-27,1,1,0.6722083401224229,1,0.0068986777367625
2023-04-28,1,0,0.5869111041923655,0,-0.0011470582836925
2023-05-01,1,0,0.6462526925129884,0,-0.0087215541677299
2023-05-02,0,0,0.4630383232672947,1,-0.0065439172958166
2023-05-03,0,0,0.4367798997129486,1,-0.0035298783038386
2023-05-04,0,1,0.4132931822870763,0,0.0212543914201372
2023-05-05,1,1,0.6171571306541647,1,0.0024775860406824
2023-05-08,1,0,0.5831273252020156,0,-0.0063331822963541
2023-05-09,1,1,0.6857600084861578,1,0.0108817306323829
2023-05-10,1,1,0.7335231626603054,1,0.0032601264404195
2023-05-11,1,0,0.803856514621031,0,-0.0035867976209387
2023-05-12,1,1,0.6455587723656471,1,0.0054149148455064
2023-05-15,0,1,0.3728289499653954,0,0.0011322106169493
2023-05-16,1,1,0.5289117575168785,1,0.0121041429598711
2023-05-17,1,1,0.5648508042219944,1,0.0185733087315003
2023-05-18,1,0,0.7146154114038389,0,-0.0022533260379004
2023-05-19,0,1,0.482165150729752,0,0.0033580126891308
2023-05-22,1,0,0.5993412289209723,0,-0.0126763094159071
2023-05-23,1,0,0.5666163139504801,0,-0.0051295642255166
2023-05-24,0,1,0.2627727869605402,0,0.0243329035812904
2023-05-25,1,1,0.5820083728389736,1,0.0255504316631101
2023-05-26,0,1,0.4881961350578074,0,0.0045350663533971
2023-05-30,0,0,0.4701838222035514,1,-0.005686098318429
2023-05-31,1,1,0.5282748504453214,1,0.0115521125436466
2023-06-01,1,1,0.7791249997695766,1,0.0074997416483046
2023-06-02,1,1,0.8364731494103539,1,0.0007049203561326
2023-06-05,1,0,0.5984792546819823,0,-0.0001690548312921
2023-06-06,0,0,0.4541730226533479,1,-0.0169653620668495
2023-06-07,0,1,0.47611523046910814,0,0.0124132402997201
2023-06-08,1,1,0.5787416240753471,1,0.0038227555623613
2023-06-09,1,1,0.6804470802698733,1,0.016897010534203
2023-06-12,1,1,0.8197912432380438,1,0.0076840400740365
2023-06-13,1,1,0.8423410124111312,1,0.0072674780044263
2023-06-14,1,1,0.7075533777967474,1,0.0119158675645512
2023-06-15,1,0,0.7393018057038793,0,-0.0062929212671889
2023-06-16,1,0,0.5918797638579448,0,-0.0027994422846755
2023-06-20,1,0,0.5670689495278293,0,-0.0136276916957667
2023-06-21,1,1,0.6233170201187558,1,0.0117988936260424
2023-06-22,1,0,0.8179616424881596,0,-0.0099134411603829
2023-06-23,1,0,0.6548183911618563,0,-0.013405460789408
2023-06-26,1,1,0.5699111296431921,1,0.0171941233013248
2023-06-27,1,1,0.5875793753368042,1,0.0019515213117686
2023-06-28,0,0,0.49373358398368034,1,-0.0020025538191047
2023-06-29,0,1,0.34572599648624774,0,0.0154201806074256
2023-06-30,1,1,0.6918445115116184,1,0.0023550297373309
2023-07-03,0,0,0.38451963749981755,1,-2.703223255828835e-05
2023-07-05,0,0,0.49832742473566577,1,-0.007615878074742
2023-07-06,1,0,0.6971326474164945,0,-0.0033200926606244
2023-07-07,1,1,0.5257488678893846,1,0.0003276406738399
2023-07-10,1,1,0.5839004601907213,1,0.0049405725203175
2023-07-11,0,1,0.45886606072949526,0,0.0126300179995433
2023-07-12,1,1,0.6360994135680198,1,0.0169786665090663
2023-07-13,1,0,0.7823196491937825,0,-0.0002109628736731
2023-07-14,1,1,0.7263685391821847,1,0.0093385864324422
2023-07-17,1,1,0.5147918936806342,1,0.0081806670046431
2023-07-18,1,0,0.8124217239605346,0,-0.0002333082909965
2023-07-19,1,0,0.6189292607123917,0,-0.0230519493622645
2023-07-20,1,0,0.5492156755048943,0,-0.0029992697035852
2023-07-21,1,1,0.5594303617625864,1,0.0015973327362461
2023-07-24,1,1,0.5962524164720439,1,0.0067777362743701
2023-07-25,1,0,0.6901314182264671,0,-0.0033264949830658
2023-07-26,1,0,0.6400335813409804,0,-0.0023839635586866
2023-07-27,0,1,0.4132928977638193,0,0.0182146884341765
2023-07-28,1,1,0.7761428892177896,1,0.0005214918215392
2023-07-31,1,0,0.5792003197214977,0,-0.0023196000517323
2023-08-01,0,0,0.47288996619125756,1,-0.0219441304866205
2023-08-02,0,0,0.4624612021581728,1,-0.0016026231470918
2023-08-03,0,0,0.4062775762919343,1,-0.0046817730811273
2023-08-04,0,1,0.45520756531193435,0,0.0084668149234925
2023-08-07,1,0,0.611959348225343,0,-0.0085023652566661
2023-08-08,0,0,0.17517428672478977,1,-0.0109946138115339
2023-08-09,0,1,0.3867728865601568,0,0.0018482581854604
2023-08-10,0,0,0.4881048949314587,1,-0.0063756643611166
2023-08-11,0,1,0.4446710275211282,0,0.0112221930393521
2023-08-14,0,0,0.3761118290920827,1,-0.0106115636857389
2023-08-15,0,0,0.46717388337493526,1,-0.0105889545893423
2023-08-16,1,0,0.559985978936127,0,-0.0109229929920012
2023-08-17,0,0,0.4254206080017966,1,-0.0012548990638172
2023-08-18,0,1,0.3588293385925169,0,0.0161114370061228
2023-08-21,0,0,0.4027122490525748,1,-0.0014289338345517
2023-08-22,0,1,0.3771949054449736,0,0.0157685629141808
2023-08-23,0,0,0.4100824801982948,1,-0.0213756995041586
2023-08-24,1,1,0.5231959720526081,1,0.0077514749557237
2023-08-25,0,1,0.4952750848143039,0,0.0075271161877052
2023-08-28,0,1,0.2566708328218427,0,0.0218398381360214
2023-08-29,1,1,0.7306748378590973,1,0.0055767441341585
2023-08-30,1,1,0.5734696742749751,1,0.0029984740400559
2023-08-31,1,0,0.627668810629822,0,-0.0010582129337244
2023-09-01,1,1,0.5031455842337011,1,0.0012712492147133
2023-09-05,0,0,0.37948188063105603,1,-0.0088079377505027
2023-09-06,1,0,0.6293086688087912,0,-0.0071516057683224
2023-09-07,0,1,0.2996286809105622,0,0.0013975945199267
2023-09-08,1,1,0.6240001040525212,1,0.0117827441265045
2023-09-11,1,0,0.6129916293388027,0,-0.0110883960586932
2023-09-12,0,1,0.48924989819800474,0,0.0038090691209744
2023-09-13,1,1,0.7949621716439572,1,0.0081772203534578
2023-09-14,1,0,0.5259244585237807,0,-0.0171229931963764
2023-09-15,1,0,0.5185144822999447,0,-0.0004045033776649
2023-09-18,1,0,0.5270097971444125,0,-0.0021313563295651
2023-09-19,0,0,0.31405696710610487,1,-0.0144104324293105
2023-09-20,0,0,0.4655223908184731,1,-0.0183245269017877
2023-09-21,0,1,0.46963553300812944,0,0.0001397706158674
2023-09-22,1,1,0.6416220805254491,1,0.0047497462268699
2023-09-25,1,0,0.6328455255833185,0,-0.0150162512623369
2023-09-26,1,1,0.6051529438750797,1,0.0023432910134297
2023-09-27,1,1,0.6532267798441893,1,0.00836525785608
2023-09-28,1,1,0.6292131134241022,1,0.0007261787127601
2023-09-29,1,1,0.519261598284527,1,0.0083457192721745
2023-10-02,1,0,0.589310901545202,0,-0.017549676594439
2023-10-03,1,1,0.7062604116832695,1,0.0136086622042492
2023-10-04,0,0,0.4046035381286145,1,-0.0029464838320882
2023-10-05,0,1,0.41969042077786917,0,0.016755442651644
2023-10-06,1,1,0.5059313565255993,1,0.0051000419229669
2023-10-09,0,1,0.29099755604820915,0,0.0055379713902699
2023-10-10,0,1,0.4634130056913102,0,0.0071353127023054
2023-10-11,1,0,0.6355979213827809,0,-0.0034750512921712
2023-10-12,1,0,0.5503998702367465,0,-0.0125699294151578
2023-10-13,0,1,0.45062169230616317,0,0.0113064084992724
2023-10-16,0,0,0.4559190073253268,1,-0.0032754701905279
2023-10-17,1,0,0.5539331064867353,0,-0.0131179167020993
2023-10-18,1,0,0.661859194987523,0,-0.0093568372242399
2023-10-19,0,0,0.49334889996324927,1,-0.0149178962107319
2023-10-20,1,1,0.5152999760034029,1,0.0030175050925025
2023-10-23,0,1,0.4772017092215747,0,0.0097280943696456
2023-10-24,0,0,0.4170353859825798,1,-0.0244758400172944
2023-10-25,1,0,0.739094054934425,0,-0.019067171164033
2023-10-26,1,1,0.6566875048834498,1,0.0048012392448979
2023-10-27,1,1,0.9072767713856223,1,0.0112652824301082
2023-10-30,0,1,0.17647196149913202,0,0.0047823105721032
2023-10-31,0,1,0.41990574278987847,0,0.0173568456198616
2023-11-01,0,1,0.33961230741084253,0,0.0181533256988091
2023-11-02,1,1,0.5281912180558186,1,0.0117488140683144
2023-11-03,0,1,0.46898530773460284,0,0.0040793017183577
2023-11-06,0,1,0.33771768699646376,0,0.0094526714680682
2023-11-07,1,1,0.5072042381303952,1,0.0006439233338197
2023-11-08,0,0,0.3574754557746018,1,-0.0076955947294455
2023-11-09,0,1,0.39243486007401,0,0.0224822524375218
2023-11-10,1,0,0.803155313184775,0,-0.0031185368209457
2023-11-13,0,1,0.195749098650267,0,0.0215264582092982
2023-11-14,0,1,0.46917681735564265,0,0.0007526238679258
2023-11-15,1,1,0.5859187604154583,1,0.0008558090711647
2023-11-16,0,1,0.4921647823552324,0,0.0002331813318929
2023-11-17,1,1,0.6595335136072233,1,0.0121748564537869
2023-11-20,1,0,0.8267584702152586,0,-0.0058094617147077
2023-11-21,1,1,0.5694116913856002,1,0.0040929707130392
2023-11-22,1,0,0.7395006279394346,0,-0.0014100081946653
2023-11-24,0,0,0.16432126336183978,1,-0.0008728821580097
2023-11-27,0,1,0.4022566153960603,0,0.0026209342407654
2023-11-28,0,0,0.4516796048190985,1,-0.0009738970256409
2023-11-29,0,0,0.2680371975745935,1,-0.002514073503671
2023-11-30,1,1,0.7108914286914043,1,0.0028547589112815
2023-12-01,0,0,0.23618926339460097,1,-0.009283466929586
2023-12-04,1,1,0.6309427482763993,1,0.0025108749283311
2023-12-05,0,0,0.4173411890509069,1,-0.0057838330515392
2023-12-06,1,1,0.59797347717387,1,0.0139722245250535
2023-12-07,1,1,0.7522514606918682,1,0.0044566779822112
2023-12-08,0,1,0.47302370858230514,0,0.0085421512895829
2023-12-11,0,1,0.46556459530771804,0,0.0079642609768417
2023-12-12,0,1,0.45241840619499674,0,0.0127172263673642
2023-12-13,1,0,0.5507798993502114,0,-0.0008668340872904
2023-12-14,1,1,0.5450451994373929,1,0.0048339860151287
2023-12-15,0,1,0.32898009239783527,0,0.0042926685007529
2023-12-18,1,1,0.6528248346100077,1,0.005109602924374
2023-12-19,0,0,0.4044523082993203,1,-0.014859754216995
2023-12-20,1,1,0.9295746835315399,1,0.0116354138077887
2023-12-21,1,1,0.8872204750336065,1,0.0014959802966769
2023-12-22,0,1,0.2667445752290336,0,0.0061217492778995
2023-12-26,0,1,0.208995769776104,0,0.0015089444845688
2023-12-27,0,0,0.38881817404176167,1,-0.0004860563961875
2023-12-28,0,0,0.35090628208802216,1,-0.0043277384685771
2023-12-29,0,0,0.4799120134128302,1,-0.0169222330086307
2024-01-02,1,0,0.5712291287889922,0,-0.010581509238619
2024-01-03,1,0,0.6284096456723762,0,-0.0051464561094418
2024-01-04,0,1,0.2747323381109926,0,0.0011860331638007
2024-01-05,0,1,0.48891855062286754,0,0.0206679576736767
2024-01-08,1,1,0.7378221801372087,1,0.0019755223332595
2024-01-09,1,1,0.5859365867241684,1,0.0067775723967959
2024-01-10,1,1,0.5508011882156874,1,0.0020807982950199
2024-01-11,1,1,0.8321774572994652,1,0.0005129875459803
2024-01-12,0,0,0.36841047087289436,1,-9.76866519200037e-05
2024-01-16,0,0,0.4706280541987915,1,-0.0056407443362102
2024-01-17,1,1,0.723338388964657,1,0.0141941477384759
2024-01-18,1,1,0.813337136290529,1,0.0198309950242581
2024-01-19,1,1,0.6114509709563569,1,0.0013058984759757
2024-01-22,1,1,0.7449732789133162,1,0.0041495742641297
2024-01-23,0,1,0.31109467021120557,0,0.0055492007296027
2024-01-24,1,1,0.7929725475011676,1,0.0012211904930319
2024-01-25,1,0,0.749002882807272,0,-0.0059575665733782
2024-01-26,0,1,0.37835539231306026,0,0.0102404293501607
2024-01-29,1,0,0.6976743391869841,0,-0.0066565599536236
2024-01-30,0,0,0.499546554745148,1,-0.0195861434548656
2024-01-31,0,1,0.42493340053762174,0,0.0117754362369837
2024-02-01,1,1,0.7775610902016845,1,0.0169005518163702
2024-02-02,1,0,0.8222760376922649,0,-0.0013053251575636
2024-02-05,0,0,0.22804371643665558,1,-0.0020072723646582
2024-02-06,0,1,0.289741054424693,0,0.0102902171102416
2024-02-07,0,1,0.38136813856041857,0,0.0018519371481566
2024-02-08,0,1,0.29699946573348845,0,0.0098430628340273
2024-02-09,1,0,0.5848880461555068,0,-0.0039125763707564
2024-02-12,1,0,0.5111446701569744,0,-0.0155970243994115
2024-02-13,1,1,0.5805887467404215,1,0.0108972431705922
2024-02-14,1,1,0.7188313477105904,1,0.0029777215763051
2024-02-15,0,0,0.17687796487626392,1,-0.0090676908537307
2024-02-16,1,0,0.8413926498095334,0,-0.0075481337406596
2024-02-20,1,0,0.6116265891544193,0,-0.0040017362710538
2024-02-21,0,1,0.39887766458668183,0,0.0292756805561411
2024-02-22,1,0,0.8108580313768248,0,-0.0029447543163282
2024-02-23,0,0,0.3406796983083824,1,-0.0005266060418767
2024-02-26,1,1,0.5321802797298371,1,0.0024052647804557
2024-02-27,1,0,0.7228348053561667,0,-0.005324536237078
2024-02-28,1,1,0.5365665427410902,1,0.0085694191662062
2024-02-29,1,1,0.5579599781253155,1,0.0150569142404612
2024-03-01,1,0,0.9098396331028207,0,-0.0035681344452732
2024-03-04,0,0,0.12287934159517097,1,-0.0179496451013552
2024-03-05,0,1,0.463509245589087,0,0.0062837308305441
2024-03-06,0,1,0.4905524879349529,0,0.015178111471122
2024-03-07,1,0,0.8939510803776078,0,-0.014434892843534
2024-03-08,1,0,0.5085984702586396,0,-0.0037127566079538
2024-03-11,1,1,0.6241400351569825,1,0.014335007210239
2024-03-12,1,0,0.8272733715439495,0,-0.0076860740971963
2024-03-13,1,0,0.6753296510700405,0,-0.0025212614459113
2024-03-14,1,0,0.6954777978412113,0,-0.0118868721742019
2024-03-15,0,1,0.3568037813393134,0,0.0082042714058558
2024-03-18,1,1,0.6930843349091759,1,0.0024915340370252
2024-03-19,1,1,0.8170940484972968,1,0.0118566741970773
2024-03-20,1,1,0.6954945260136588,1,0.0047321949557317
2024-03-21,0,1,0.49445079230377975,0,0.0011438530764802
2024-03-22,0,0,0.4530396235452464,1,-0.0036291838780116
2024-03-25,0,0,0.467451809038625,1,-0.0032377066503012
2024-03-26,1,1,0.6402330298090931,1,0.0034060706106198
2024-03-27,1,0,0.737336993333778,0,-0.0018433487655792
2024-03-28,1,1,0.8072849224208648,1,0.0021170748873489
2024-04-01,1,0,0.7814368546150803,0,-0.0086302432860302
2024-04-02,1,1,0.733309479681509,1,0.0022443852663278
2024-04-03,1,0,0.6910502195477453,0,-0.0152906801001992
2024-04-04,1,1,0.6451342893597589,1,0.0117839043643277
2024-04-05,1,1,0.6134218311802029,1,0.0002951503676804
2024-04-08,1,1,0.5804873127974781,1,0.0036995117118303
2024-04-09,0,0,0.4874737923707477,1,-0.0087285253674471
2024-04-10,1,1,0.5926651476185721,1,0.0159682461800989
2024-04-11,1,0,0.8364676014201393,0,-0.0159418150781519
2024-04-12,1,0,0.6693230982999554,0,-0.016451027074211
2024-04-15,1,1,0.6229082816595334,1,9.281433013619278e-05
2024-04-16,1,0,0.8068932168482222,0,-0.0122013678755595
2024-04-17,1,0,0.7388845139687549,0,-0.0057063514387528
2024-04-18,1,0,0.6766463808270214,0,-0.0206891894141822
2024-04-19,1,1,0.5693908953134195,1,0.0100567068349588
2024-04-22,1,1,0.6203870551886491,1,0.0149228783026158
2024-04-23,0,1,0.2610704357219031,0,0.0033876830089021
2024-04-24,1,0,0.6716440255769883,0,-0.0048298926436115
2024-04-25,1,1,0.5989376346217901,1,0.0154317059832569
2024-04-26,0,1,0.37522077635084133,0,0.004060324825986
2024-04-29,1,0,0.5058648275582336,0,-0.0188561609754116
2024-04-30,0,0,0.364341654534228,1,-0.0072305220346633
2024-05-01,0,1,0.44768559031470867,0,0.0127633446171826
2024-05-02,0,1,0.41783291211312473,0,0.0200984240161976
2024-05-03,1,1,0.713601625910313,1,0.0109534051927393
2024-05-06,0,1,0.300817897397439,0,0.0001590172043584
2024-05-07,0,0,0.3185046192302579,1,-0.0005905018198131
2024-05-08,0,1,0.2293585015572369,0,0.002181501296196
2024-05-09,0,1,0.3848973936170678,0,0.0023581891316259
2024-05-10,0,1,0.36039060913759746,0,0.0023073542489822
2024-05-13,1,1,0.5575367413983086,1,0.0064322609684173
2024-05-14,1,1,0.5403128900299216,1,0.0156302588639081
2024-05-15,1,0,0.558825722194778,0,-0.0020313157927895
2024-05-16,0,0,0.31514060270407585,1,-0.0004867498901622
2024-05-17,0,1,0.19005611235332795,0,0.0069727152213374
2024-05-20,1,1,0.5165159162935277,1,0.0019563960425026
2024-05-21,1,0,0.5589620593811634,0,-0.0001974469949559
2024-05-22,1,0,0.5980262834474027,0,-0.0044984482047961
2024-05-23,1,1,0.9233728796654483,1,0.0094564398675029
2024-05-24,1,1,0.617781198721432,1,0.0037776622396243
2024-05-28,0,0,0.402078378810198,1,-0.007048360350676
2024-05-29,0,0,0.19424731178056362,1,-0.0107133788061558
2024-05-30,1,0,0.7200925591732222,0,-0.0018602510477219
2024-05-31,1,1,0.6697730360395844,1,0.0053693360999642
2024-06-03,1,1,0.6091664052143264,1,0.0027364999470642
2024-06-04,1,1,0.6100753782885379,1,0.0201597899521224
2024-06-05,1,0,0.5467631696832486,0,-0.0003451851283212
2024-06-06,0,0,0.4267688104253846,1,-0.0008848299769727
2024-06-07,0,1,0.09679280747514007,0,0.0040392153786552
2024-06-10,0,1,0.34780291860267576,0,0.0068627294571288
2024-06-11,1,1,0.5943807298858842,1,0.0130977416065736
2024-06-12,1,1,0.5003272341726919,1,0.0054202411838053
2024-06-13,0,1,0.29528892524541367,0,0.0051812410101914
2024-06-14,0,1,0.28140067268492636,0,0.0122498280166127
2024-06-17,1,1,0.5190741944514193,1,0.0003092275125538
2024-06-18,0,0,0.4161552150375517,1,-0.0077079827296203
2024-06-20,1,0,0.6857074510624775,0,-0.0026793124008789
2024-06-21,1,0,0.7217707266597057,0,-0.0129534785196744
2024-06-24,1,1,0.7803295268383099,1,0.0114355927197455
2024-06-25,1,1,0.7907091817336199,1,0.0020651471156312
2024-06-26,1,1,0.5609686946965543,1,0.0025813232445388
2024-06-27,0,0,0.35146865760007334,1,-0.0051909222732894
2024-06-28,1,1,0.7696345665550285,1,0.0058651002109879
2024-07-01,0,1,0.3619996453238914,0,0.0104996626361368
2024-07-02,1,1,0.7799334487932577,1,0.0083370928313271
2024-07-03,1,1,0.6399078657257818,1,0.0104268390112638
2024-07-05,1,1,0.7504566760965539,1,0.0023782502964202
2024-07-08,1,1,0.5304674135789553,1,0.0008645849498278
2024-07-09,1,1,0.5801472506043979,1,0.010426507334623
2024-07-10,1,0,0.7589564169778593,0,-0.0219301713191674
2024-07-11,0,1,0.4593134268670271,0,0.0058748494531055
2024-07-12,1,1,0.8274948602841491,1,0.0026878189090566
2024-07-15,0,1,0.45380391803534537,0,0.0003829536304416
2024-07-16,0,0,0.11108597761104586,1,-0.0293548926778409
2024-07-17,1,0,0.5826303947804913,0,-0.004732546300704
2024-07-18,1,0,0.644026791177293,0,-0.0088635844054275
2024-07-19,1,1,0.6236871389685199,1,0.0148977721473988
2024-07-22,1,0,0.6681040667575066,0,-0.0035246562058715
2024-07-23,0,0,0.4463625949140841,1,-0.0358703141973347
2024-07-24,1,0,0.6961964782834019,0,-0.0110277004085079
2024-07-25,1,1,0.672635108644777,1,0.0102559895251859
2024-07-26,1,1,0.8433793303179383,1,0.0020087536413355
2024-07-29,0,0,0.48023279165229793,1,-0.0137313972860472
2024-07-30,1,1,0.5692600660339705,1,0.0295937066007629
2024-07-31,1,0,0.6072933975543752,0,-0.0242214606846247
2024-08-01,1,0,0.7964373935316227,0,-0.0237349422947166
2024-08-02,1,0,0.5994050784543294,0,-0.0298161668697771
2024-08-05,0,1,0.38769203926932827,0,0.0095550995906128
2024-08-06,1,0,0.5808478546372311,0,-0.0108297722085977
2024-08-07,0,1,0.4473140322736404,0,0.0305909300242173
2024-08-08,1,1,0.6625766668977234,1,0.0052223900275418
2024-08-09,0,1,0.28692596806227716,0,0.0021535960853809
2024-08-12,1,1,0.608926919624938,1,0.0248127554794121
2024-08-13,1,1,0.5997824347341907,1,0.000324321022131
2024-08-14,1,1,0.5282152744199505,1,0.0252631170744437
2024-08-15,1,1,0.6983012633422387,1,0.0012857496191092
2024-08-16,1,1,0.6384196216177834,1,0.0131359919382147
2024-08-19,1,0,0.711634747956902,0,-0.0020985710123266
2024-08-20,0,1,0.40350419415540223,0,0.0046641198284824
2024-08-21,1,0,0.5040682802580099,0,-0.0158549096300194
2024-08-22,0,1,0.40568347154620277,0,0.0108455171744521
2024-08-23,1,0,0.6190150814076263,0,-0.0097083409627278
2024-08-26,1,1,0.51499356743054,1,0.0029873636527
2024-08-27,0,0,0.3911526390047572,1,-0.011347435924353
2024-08-28,1,0,0.6046967320749013,0,-0.0014638855043416
2024-08-29,1,1,0.511543583583624,1,0.0119194010706504
2024-08-30,0,0,0.4502589265697442,1,-0.0303609124837446
2024-09-03,0,0,0.380879967967019,1,-0.0025984976795115
2024-09-04,1,1,0.7242304133382058,1,0.0009335950305791
2024-09-05,1,0,0.6380374142473855,0,-0.0267872763201032
2024-09-06,1,1,0.5565991468870657,1,0.0128596335605344
2024-09-09,0,1,0.4835422041729087,0,0.0092417644809255
2024-09-10,1,1,0.5143222015554683,1,0.021715413106776
2024-09-11,1,1,0.5482192177589338,1,0.0098160687794921
2024-09-12,1,1,0.5227297929919211,1,0.004479935572712
2024-09-13,0,0,0.4830920004599749,1,-0.0044179032265209
2024-09-16,1,1,0.6416649003412727,1,0.0005282731915283
2024-09-17,0,0,0.4090776298775373,1,-0.0043295272027904
2024-09-18,0,1,0.27302368335281385,0,0.0252841991524419
2024-09-19,1,0,0.6247462246176069,0,-0.0019033079651537
2024-09-20,0,1,0.4465719336599992,0,0.0012436906153703
2024-09-23,0,1,0.24039211288013757,0,0.0048235892080332
2024-09-24,0,1,0.4573743323735692,0,0.0009271529174823
2024-09-25,1,1,0.6468675160479574,1,0.0075130580080216
2024-09-26,1,0,0.745739952601309,0,-0.0055570335544969
2024-09-27,1,1,0.511982850689807,1,0.0027118794539677
2024-09-30,1,0,0.5552875141006818,0,-0.0139324650326848
2024-10-01,0,1,0.48893863212232674,0,0.0014129765181349
2024-10-02,0,0,0.41111930766072774,1,-0.0007469983608715
2024-10-03,1,1,0.5577451362538071,1,0.0118981104879676
2024-10-04,1,0,0.6664685869919359,0,-0.010711649721433
2024-10-07,1,1,0.5708607047682249,1,0.0149346226888602
2024-10-08,1,1,0.5251027310812783,1,0.0078683960751386
2024-10-09,0,0,0.396234351933602,1,-0.0011355521961362
2024-10-10,0,1,0.40649209017425175,0,0.0015631438303584
2024-10-11,0,1,0.38537770224450246,0,0.0083914682409587
2024-10-14,0,0,0.3735681012541267,1,-0.0133668219024811
2024-10-15,1,1,0.5089405307801144,1,0.0001222319605738
2024-10-16,1,1,0.6883565407816743,1,0.0006925838450109
2024-10-17,0,1,0.44941477052269996,0,0.0065547098640266
2024-10-18,1,1,0.5717363966586771,1,0.0019212736964546
2024-10-21,1,1,0.6946645921689203,1,0.0010899398746686
2024-10-22,1,0,0.8060937661773654,0,-0.015323829007292
2024-10-23,1,1,0.5730639311561122,1,0.0081088174531858
2024-10-24,1,1,0.5186933881636479,1,0.0060935975694043
2024-10-25,1,1,0.6258321649424796,1,0.0001614846383808
2024-10-28,1,1,0.7205760109223165,1,0.0096084170857289
2024-10-29,1,0,0.5554119935834432,0,-0.0075575790779354
2024-10-30,1,0,0.6397383246504851,0,-0.0252427548572489
2024-10-31,0,1,0.4968520074298428,0,0.0073989594442616
2024-11-01,1,0,0.5257156233109493,0,-0.0029132038066865
2024-11-04,1,1,0.6884718049157165,1,0.0127569012260528
2024-11-05,1,1,0.5823629850875507,1,0.0271631932494156
2024-11-06,0,1,0.47798370523048883,0,0.0157442771994305
2024-11-07,0,1,0.4080736850702267,0,0.0011684321508884
2024-11-08,1,0,0.5207191631478261,0,-0.000583474898708
2024-11-11,0,0,0.2600545540983156,1,-0.0018100063489198
2024-11-12,0,0,0.0,1,-0.0012867231660268
2024-11-13,0,0,0.0716354892511032,1,-0.0069497268103342
2024-11-14,0,0,0.35961091076753826,1,-0.0238258960447793
2024-11-15,1,1,0.5202158232012563,1,0.0069476239776207
2024-11-18,1,1,0.5522824878919905,1,0.0068797298447846
2024-11-19,0,0,0.40712642546354294,1,-0.0005759703497107
2024-11-20,0,1,0.36919548383189055,0,0.0035971888433166
2024-11-21,1,1,0.5404656015870781,1,0.0016040190521831
2024-11-22,0,1,0.2979365628649112,0,0.0015816599368385
2024-11-25,1,1,0.5878190773245425,1,0.0053692359508987
2024-11-26,0,0,0.40923277297934585,1,-0.0078734165534687
2024-11-27,1,1,0.556322196135402,1,0.0087868643353803
2024-11-29,1,1,0.6156466192212423,1,0.0108878798981748
2024-12-02,1,1,0.8192118600875358,1,0.0030662678437729
2024-12-03,0,1,0.48798216380943843,0,0.0123629050028115
2024-12-04,1,0,0.7166251773765268,0,-0.0027711122194885
2024-12-05,0,1,0.42956753564627237,0,0.0089495849677196
2024-12-06,1,0,0.7084059121439373,0,-0.0077875241947226
2024-12-09,0,0,0.0894243606138644,1,-0.0034075371955982
2024-12-10,0,1,0.16987605523972868,0,0.0179024351926428
2024-12-11,0,0,0.4743626200403178,1,-0.0064537723061032
2024-12-12,0,1,0.09247177304143855,0,0.0076543766322412
2024-12-13,1,1,0.8121140851024405,1,0.0144006054160716
2024-12-16,0,0,0.35355341905441295,1,-0.0044038039884196
2024-12-17,1,0,0.6207264939703176,0,-0.0360769270814407
2024-12-18,1,0,0.6202626266951085,0,-0.0044532846504851
2024-12-19,1,1,0.797423395070208,1,0.0087325016698991
2024-12-20,1,1,0.7206278120588849,1,0.0081171136980779
2024-12-23,1,1,0.8270096927096168,1,0.0135598273407899
2024-12-24,1,0,0.6515438492126924,0,-0.0006793840512319
2024-12-26,0,0,0.41780457722574443,1,-0.0132930104831573
2024-12-27,0,0,0.37531575141185675,1,-0.0132999315667134
2024-12-30,1,0,0.672690004528771,0,-0.0084947430997636
2024-12-31,1,0,0.5037688424044535,0,-0.0019560666989613
2025-01-02,1,1,0.5735771601609603,1,0.0163651802593387
2025-01-03,1,1,0.538553648323117,1,0.0114928472773516
2025-01-06,1,0,0.7515022161685826,0,-0.0178441791734595
2025-01-07,0,1,0.47963831132357465,0,0.0001747483534855
2025-01-08,0,0,0.42906227475577574,1,-0.0156811318019127
2025-01-10,1,0,0.6554683817124801,0,-0.0032137953724765
2025-01-13,1,0,0.5116037891318721,0,-0.0009494639382984
2025-01-14,0,1,0.4203163064376587,0,0.0230063078001272
2025-01-15,1,0,0.7126118605339993,0,-0.0070059899974166
2025-01-16,0,1,0.2568457104789126,0,0.0168784065956224
2025-01-17,1,1,0.6481915812355947,1,0.0058649856554395
2025-01-21,0,1,0.495673972767528,0,0.0127858653367638
2025-01-22,1,1,0.7061885078912088,1,0.0021260274727672
2025-01-23,1,0,0.690740428353005,0,-0.0056511146043199
2025-01-24,1,0,0.5667744862566939,0,-0.0291146324188489
2025-01-27,1,1,0.505560945326882,1,0.0147799056050712
2025-01-28,1,0,0.589089265990135,0,-0.0018780408066826
2025-01-29,1,1,0.619008410699934,1,0.0042623708893145
2025-01-30,1,0,0.6304977032877308,0,-0.0014530346685063
2025-01-31,1,0,0.6949605796036298,0,-0.0080032029172162
2025-02-03,1,1,0.5931852817812681,1,0.0122753576101162
2025-02-04,0,1,0.2935181157449604,0,0.0045379240295144
2025-02-05,0,1,0.3654224237937161,0,0.0052197022443467
2025-02-06,1,0,0.5053895785757061,0,-0.0126132798031016
2025-02-07,1,1,0.6722269950242543,1,0.0121051351960503
2025-02-10,0,0,0.4147802674741748,1,-0.0023807458963155
2025-02-11,1,1,0.7091452460984246,1,0.0005871277189481
2025-02-12,0,1,0.44360954648971695,0,0.014385835314598
2025-02-13,1,1,0.7246582704554061,1,0.0041985443132981
2025-02-14,0,1,0.4946496853226099,0,0.0022669713793161
2025-02-18,1,1,0.5217788071222911,1,0.0002781474969328
2025-02-19,1,0,0.6351337012555504,0,-0.0042445858904173
2025-02-20,1,0,0.6085854471693732,0,-0.0207545442068917
2025-02-21,1,0,0.7289073818004775,0,-0.0118043297044595
2025-02-24,1,0,0.594572081987146,0,-0.0125992803094786
2025-02-25,1,1,0.5443919076071898,1,0.0024156281007605
2025-02-26,1,0,0.6803278068915471,0,-0.0277713164892781
2025-02-27,1,1,0.5870996110126663,1,0.0157915217533599
2025-02-28,1,0,0.7066781882529828,0,-0.0218824907824808
2025-03-03,1,0,0.701080546363684,0,-0.0030178051239079
2025-03-04,1,1,0.811085677547115,1,0.0130360652442496
2025-03-05,1,0,0.5739020871932875,0,-0.0275094067647001
2025-03-06,1,1,0.514729611362128,1,0.0073535359445426
2025-03-07,1,0,0.5294062211373769,0,-0.0387563741178623
2025-03-10,1,0,0.6130193500689739,0,-0.0023903810981976
2025-03-11,1,1,0.5546564159170018,1,0.0112807617798271
2025-03-12,1,0,0.6450258146056514,0,-0.0179904739752421
2025-03-13,1,1,0.7096740624564732,1,0.0241704902693209
2025-03-14,1,1,0.6460490486983117,1,0.006483728740813
2025-03-17,1,0,0.8312286669996288,0,-0.0170474152412919
2025-03-18,1,1,0.5156285084651827,1,0.0133813924836108
2025-03-19,1,0,0.6097973679169586,0,-0.0033895585958551
2025-03-20,1,1,0.7861842991984967,1,0.0032967210701311
2025-03-21,1,1,0.6269541915953293,1,0.0204226091818662
2025-03-24,1,1,0.5627983844539878,1,0.0057065743530564
2025-03-25,1,0,0.6034204821019131,0,-0.018400654013492
2025-03-26,0,0,0.3957358791236941,1,-0.0056980258016486
2025-03-27,1,0,0.6437428947663241,0,-0.0263277953663363
2025-03-28,1,0,0.6679164001618988,0,-4.262595122583868e-05
2025-03-31,0,1,0.4587217798040641,0,0.0080610736821951
2025-04-01,1,1,0.6904228918975939,1,0.0072984590657088
2025-04-02,1,0,0.5065764005397916,0,-0.0535335305284421
2025-04-03,1,0,0.5677380878746784,0,-0.0621088847621831
2025-04-04,1,1,0.5939602180993566,1,0.0024132041102231
2025-04-07,1,0,0.6359902778599771,0,-0.0180084609947051
2025-04-08,1,1,0.6109264655823635,1,0.1200307713657888
2025-04-09,1,0,0.6043837641693542,0,-0.0425322045584092
2025-04-10,1,1,0.5935705699373407,1,0.0184230609969913
2025-04-11,1,1,0.5967776295117583,1,0.0067782067148209
2025-04-14,1,1,0.8168879537981789,1,0.0011147574446965
2025-04-15,1,0,1.0,0,-0.0301534921134989
2025-04-16,1,0,0.6005504735812696,0,-0.0001800769363424
2025-04-17,1,0,0.7496782992227491,0,-0.0247467250639745
2025-04-21,0,1,0.4020112017313612,0,0.0262520514864981
2025-04-22,1,1,0.6392708365743369,1,0.0226781549746128
2025-04-23,1,1,0.735399091680762,1,0.0281371185621612
2025-04-24,1,1,0.8133510822686689,1,0.0111479434835486
2025-04-25,1,0,0.6111169426633756,0,-0.0003174070959439
2025-04-28,1,1,0.5477871094674521,1,0.0066044222031738
2025-04-29,1,0,0.549485264460125,0,-0.0001261698709813
2025-04-30,1,1,0.5021351105764427,1,0.0130607429262306
2025-05-01,0,1,0.45191684010232364,0,0.0148438673085951
2025-05-02,0,0,0.47266038955281675,1,-0.0059325204593511
2025-05-05,1,0,0.6147332115439884,0,-0.00930172881238
2025-05-06,1,1,0.6826202715643349,1,0.0039259344768123
2025-05-07,1,1,0.7012645246306296,1,0.0103248931884738
2025-05-08,0,0,0.4523589060018779,1,-0.0006553632444218
2025-05-09,1,1,0.6584517705377095,1,0.0407402193435677
2025-05-12,1,1,0.6212114661701791,1,0.01524076136444
2025-05-13,1,1,0.5937390984853134,1,0.0059930674748653
2025-05-14,1,1,0.7208015006401974,1,0.0010989576082898
2025-05-15,1,1,0.8921481124084027,1,0.0043524501986038
2025-05-16,1,1,0.8506260228868116,1,0.000958754368348
2025-05-19,1,0,0.8836651961089654,0,-0.0033332507075031
2025-05-20,1,0,0.5914989678227588,0,-0.0138967098477447
2025-05-21,1,1,0.7987008366094638,1,0.0018712420352651
2025-05-22,0,0,0.47039058677770484,1,-0.0092607193883754
2025-05-23,1,1,0.7772329590996616,1,0.0235252154160876
2025-05-27,0,0,0.4094149353695671,1,-0.0044319053152885
2025-05-28,0,1,0.32535733881433226,0,0.0019656965254855
2025-05-29,0,0,0.4983705296071249,1,-0.0015771494927588
2025-05-30,1,1,0.6162711549552656,1,0.007898204112404
2025-06-02,0,1,0.241782239235929,0,0.0078170632223215
2025-06-03,0,1,0.3838283517805946,0,0.0027878470933293
2025-06-04,0,0,0.427643028912786,1,-0.0075269802691054
2025-06-05,1,1,0.604061657025727,1,0.0097753484205165
2025-06-06,1,1,0.5296618175979773,1,0.0014719756227936
2025-06-09,1,1,0.5708034604558245,1,0.0066139244109451
2025-06-10,1,0,0.5504021975500206,0,-0.0033695527116432
2025-06-11,1,1,0.5024853563448818,1,0.0023478147725468
2025-06-12,1,0,0.6538709253523319,0,-0.0125547193138663
2025-06-13,1,1,0.8383542961948512,1,0.0139098902175691
2025-06-16,0,0,0.48163057051688674,1,-0.0097511859697158
2025-06-17,1,0,0.8869578336451002,0,-0.0001701573534451
2025-06-18,1,0,0.7467082113291007,0,-0.0040832022994882
2025-06-20,1,1,0.8777706984477869,1,0.0091490749726903
2025-06-23,1,1,0.5394215931869196,1,0.0152920239057126
2025-06-24,1,1,0.5223971698147892,1,0.0025564929652062
2025-06-25,0,1,0.40017500629208064,0,0.0093502805264615
2025-06-26,1,1,0.6419949475227369,1,0.0034236319663238
2025-06-27,1,1,0.5793000570520555,1,0.0064770158532823
2025-06-30,1,0,0.7261112569073991,0,-0.0084294545184978
2025-07-01,1,1,0.7955479149567452,1,0.0069653880813453
2025-07-02,1,1,0.5060373416163969,1,0.0098402015800216
2025-07-03,1,0,0.709248165169514,0,-0.0075328855973175
2025-07-07,1,1,0.6559757929075181,1,0.0005615592307335
2025-07-08,0,1,0.3997173685792982,0,0.0070789241308313
2025-07-09,1,0,0.6443236890811154,0,-0.0014381803019662
2025-07-10,0,0,0.329209514648356,1,-0.0022504275317831
2025-07-11,0,1,0.3566482368418867,0,0.0036268670540449
2025-07-14,1,1,0.5741898460472401,1,0.0009168276556041
2025-07-15,1,1,0.7464506278104578,1,0.0010238672119105
2025-07-16,1,1,0.8084800335811284,1,0.0080927523254397
2025-07-17,1,0,0.5817967513644863,0,-0.0009611570649281
2025-07-18,1,1,0.8310251375327747,1,0.0051847149162584
2025-07-21,0,0,0.42343826199493534,1,-0.0051757147643589
2025-07-22,1,1,0.8357946213141173,1,0.0045612428660912
2025-07-23,0,1,0.3885434456237619,0,0.0021283982409456
2025-07-24,1,1,0.6517584587725073,1,0.0024070110760101
2025-07-25,1,1,0.600940691552345,1,0.0031252000397439
2025-07-28,1,0,0.7412819425969389,0,-0.0015489225545168
2025-07-29,1,1,0.9327740825693293,1,0.001339790841133
2025-07-30,1,0,0.9316650760051866,0,-0.0052991261964833
2025-07-31,1,0,0.725054908212582,0,-0.0196987746950348
2025-08-01,1,1,0.6650173985343134,1,0.0184515971203678
2025-08-04,1,0,0.585849388690957,0,-0.0067894987066952
2025-08-05,1,1,0.637304051935588,1,0.0125831965787981
2025-08-06,1,1,0.6218930127170905,1,0.0033843031893268
2025-08-07,1,1,0.5063156184881683,1,0.0093282229809741
2025-08-08,1,0,0.8064093075259334,0,-0.002958858660082
2025-08-11,1,1,0.5814065826017337,1,0.012568757115974
2025-08-12,0,1,0.47412500178014716,0,0.0005000242541226
2025-08-13,0,0,0.39578468927281313,1,-0.0007754285181217
2025-08-14,1,0,0.7535749919145294,0,-0.0043973645494046
2025-08-15,1,0,0.6010171991975606,0,-0.0003984506412264
2025-08-18,1,0,0.668312883435042,0,-0.0135675282934459
2025-08-19,0,0,0.2951079225500498,1,-0.0059373326111354
2025-08-20,1,0,0.581918491757169,0,-0.0046297844215509
2025-08-21,1,1,0.5923777483055112,1,0.0154273912694853
2025-08-22,1,0,0.5274425951991712,0,-0.0028847028050754
2025-08-25,1,1,1.0,1,0.0040152510834885
2025-08-26,1,1,0.723207835196432,1,0.0015368311858414
2025-08-27,1,1,0.7086277903878123,1,0.0062599642829015
2025-08-28,1,0,0.6563600380455789,0,-0.0115755050910751
2025-08-29,0,0,0.20846836575542882,1,-0.0083801351547718
2025-09-02,1,1,0.5393285349697299,1,0.0078674945112384
2025-09-03,1,1,0.6417468256342973,1,0.0090514727634085
2025-09-04,1,1,0.5481546731995255,1,0.001442930859006
2025-09-05,1,1,0.5222028584036378,1,0.004877959883524
2025-09-08,1,1,0.5566700040040969,1,0.0028331312078206
2025-09-09,0,1,0.49911921019846245,0,0.0003273026101358
2025-09-10,1,1,0.5301910737409938,1,0.0058205696775626
2025-09-11,1,1,0.5720536416011588,1,0.004417127755101
2025-09-12,1,1,0.6924006497100753,1,0.0085569491034855
2025-09-15,0,0,0.4928638770342382,1,-0.0008450513895844
2025-09-16,0,0,0.37797334039557134,1,-0.0019959956196088
2025-09-17,1,1,0.626380153559462,1,0.0090169615664723
2025-09-18,1,1,0.6283322452394303,1,0.0067694151248707
2025-09-19,1,1,0.7404684009632742,1,0.004755212709081
2025-09-22,1,0,0.7463699289792927,0,-0.006642311389766
2025-09-23,1,0,0.8124605614223812,0,-0.0035105927419589
2025-09-24,1,0,0.7424738047007463,0,-0.0043112672275088
2025-09-25,1,1,0.7174535985208926,1,0.0041108979930475
2025-09-26,1,1,0.825491550475144,1,0.0046311222063231
2025-09-29,1,1,0.7520464487072392,1,0.0027391557161602
2025-09-30,1,1,0.7818932954472269,1,0.0047970499962282
2025-10-01,1,1,0.5322970207992568,1,0.0041110326875259
2025-10-02,0,0,0.4889570659953724,1,-0.004209776427106
2025-10-03,1,1,0.7738801000492854,1,0.0075102446232993
2025-10-06,0,0,0.459044318653933,1,-0.0052656893770549
2025-10-07,1,1,0.8073655951593275,1,0.011463817908438
2025-10-08,0,0,0.4921277806965207,1,-0.0012102417758411
2025-10-09,1,0,0.8163354863645752,0,-0.034714281616625
2025-10-10,1,1,0.627731233848374,1,0.0212213906117473
2025-10-13,0,0,0.38194469097553735,1,-0.0066610350335971
2025-10-14,1,1,0.8209504867182028,1,0.0070568071958612
2025-10-15,1,0,0.8104001208674124,0,-0.0037029334416565
2025-10-16,1,1,0.6139169891616592,1,0.0065667802888964
2025-10-17,1,1,0.741066542025739,1,0.0126007740033668
2025-10-20,1,0,0.5561979053300751,0,-0.000261590656832
2025-10-21,1,0,0.533647364069087,0,-0.0096339667659992
2025-10-22,1,1,0.7960763802981354,1,0.0084064591282482
2025-10-23,1,1,0.554884248010813,1,0.0106783031111454
2025-10-24,1,1,0.7747618859151444,1,0.0178091908998963
2025-10-27,1,1,0.5354060757141677,1,0.0076899104398595
2025-10-28,1,1,0.5735055559625748,1,0.0045029967421621
2025-10-29,1,0,0.7015207015302201,0,-0.0152885971965897
2025-10-30,1,1,0.7205521112483337,1,0.004823927146611
2025-10-31,1,1,0.7975686821950225,1,0.0047848565828598
2025-11-03,1,0,0.7078274111002598,0,-0.0202980900249217
2025-11-04,1,1,0.559668292922593,1,0.0065079197365764
2025-11-05,0,0,0.44734645278886553,1,-0.0186273357736427
2025-11-06,1,0,0.5879706524752609,0,-0.0031552842704474
2025-11-07,1,1,0.7965576368343199,1,0.0221241684167536
2025-11-10,0,0,0.38364228734239125,1,-0.0026635001469004
2025-11-11,1,0,0.791327048918061,0,-0.0007883106144138
2025-11-12,0,0,0.4947348318712189,1,-0.0204160371077387
2025-11-13,0,1,0.3674616176928251,0,0.0007560172896821
2025-11-14,1,0,0.5526964772231397,0,-0.0085405714485058
2025-11-17,1,0,0.503434406977653,0,-0.0121756881571104
2025-11-18,0,1,0.48614216939325394,0,0.0059700450657695
2025-11-19,0,0,0.22807757757435443,1,-0.0236718160978482
2025-11-20,1,1,0.6828872728857049,1,0.0075128050650625
2025-11-21,0,1,0.2047298041970991,0,0.0255731788313402
2025-11-24,1,1,0.6198880065275971,1,0.0061637280544584
2025-11-25,1,1,0.5040221924680502,1,0.0088357581063613
2025-11-26,1,1,0.5919278548126381,1,0.0081071520836231
2025-11-28,1,0,0.5839817697106603,0,-0.0033589294951049
2025-12-01,1,1,0.6860937051076389,1,0.007826072595217
2025-12-02,0,1,0.39171338782175197,0,0.0024437613042604
2025-12-03,1,0,0.5136761263864529,0,-0.000930230099556
2025-12-04,0,1,0.36265979135273657,0,0.0040774039512458
2025-12-05,0,0,0.4881773969965334,1,-0.0019184485664525
2025-12-08,1,1,0.5387080837313197,1,0.0012333543601594
2025-12-09,1,1,0.5292617091707774,1,0.0040956685202619
2025-12-10,1,0,0.6098618248584724,0,-0.0032344422636642
2025-12-11,0,0,0.4715198318734438,1,-0.0191182928577122
2025-12-12,0,0,0.36554956922163706,1,-0.005019421000542
2025-12-15,1,1,0.7161014010268835,1,0.0019818881911153
2025-12-16,1,0,0.5857973057701835,0,-0.0185370279615345
2025-12-17,0,1,0.4848913127585487,0,0.0144901194120188
2025-12-18,1,1,0.5175542500451727,1,0.0130354166445383
2025-12-19,1,1,0.5526491034286273,1,0.0035005821609581
2025-12-22,1,1,0.5631298322449446,1,0.0046833275883804
2025-12-23,1,1,0.6663014380716933,1,0.0029255394818814
2025-12-24,1,0,0.5059475334782715,0,-6.407454011359004e-05
2025-12-26,1,0,0.5194611593514845,0,-0.0048406280920392
2025-12-29,1,0,0.727925811697769,0,-0.002319330057389
2025-12-30,1,0,0.5860032172698835,0,-0.0082656558089323
2025-12-31,1,0,0.8200501926224057,0,-0.0019371366999325
